,elephant,dolphin,panda,lion,kangaroo,penguin,giraffe,chimpanzee,koala,orangutan
0,-4.5,-1.0,-1.25,-7.25,-5.5,-6.0,-2.75,-7.75,-5.0,-5.75
1,-4.5,-1.0,-1.25,-7.25,-5.5,-6.0,-2.75,-7.75,-5.0,-5.75
2,-4.5,-1.0,-1.25,-7.25,-5.5,-6.0,-2.75,-7.75,-5.0,-5.75
3,-4.5,-1.0,-1.25,-7.25,-5.5,-6.0,-2.75,-7.75,-5.0,-5.75
4,-4.5,-1.0,-1.25,-7.25,-5.5,-6.0,-2.75,-7.75,-5.0,-5.75
5,-4.5,-1.0,-1.25,-7.25,-5.5,-6.0,-2.75,-7.75,-5.0,-5.75
6,-4.5,-1.0,-1.25,-7.25,-5.5,-6.0,-2.75,-7.75,-5.0,-5.75
7,-4.5,-1.0,-1.25,-7.25,-5.5,-6.0,-2.75,-7.75,-5.0,-5.75
8,-4.5,-1.0,-1.25,-7.25,-5.5,-6.0,-2.75,-7.75,-5.0,-5.75
9,-4.5,-1.0,-1.25,-7.25,-5.5,-6.0,-2.75,-7.75,-5.0,-5.75
00,-4.5,-1.0,-1.25,-7.25,-5.5,-6.0,-2.75,-7.75,-5.0,-5.75
01,-4.5,-1.0,-1.25,-7.25,-5.5,-6.0,-2.75,-7.75,-5.0,-5.75
02,-4.5,-1.0,-1.25,-7.25,-5.5,-6.0,-2.75,-7.75,-5.0,-5.75
03,-4.5,-1.0,-1.25,-7.25,-5.5,-6.0,-2.75,-7.75,-5.0,-5.75
04,-4.5,-1.0,-1.25,-7.25,-5.5,-6.0,-2.75,-7.75,-5.0,-5.75
05,-4.5,-1.0,-1.25,-7.25,-5.5,-6.0,-2.75,-7.75,-5.0,-5.75
06,-4.5,-1.0,-1.25,-7.25,-5.5,-6.0,-2.75,-7.75,-5.0,-5.75
07,-4.5,-1.0,-1.25,-7.25,-5.5,-6.0,-2.75,-7.75,-5.0,-5.75
08,-4.5,-1.0,-1.25,-7.25,-5.5,-6.0,-2.75,-7.75,-5.0,-5.75
09,-4.5,-1.0,-1.25,-7.25,-5.5,-6.0,-2.75,-7.75,-5.0,-5.75
10,-4.5,-1.0,-1.25,-7.25,-5.5,-6.0,-2.75,-7.75,-5.0,-5.75
11,-4.5,-1.0,-1.25,-7.25,-5.5,-6.0,-2.75,-7.75,-5.0,-5.75
12,-4.5,-1.0,-1.25,-7.25,-5.5,-6.0,-2.75,-7.75,-5.0,-5.75
13,-4.5,-1.0,-1.25,-7.25,-5.5,-6.0,-2.75,-7.75,-5.0,-5.75
14,-4.5,-1.0,-1.25,-7.25,-5.5,-6.0,-2.75,-7.75,-5.0,-5.75
15,-4.5,-1.0,-1.25,-7.25,-5.5,-6.0,-2.75,-7.75,-5.0,-5.75
16,-4.5,-1.0,-1.25,-7.25,-5.5,-6.0,-2.75,-7.75,-5.0,-5.75
17,-4.5,-1.0,-1.25,-7.25,-5.5,-6.0,-2.75,-7.75,-5.0,-5.75
18,-4.5,-1.0,-1.25,-7.25,-5.5,-6.0,-2.75,-7.75,-5.0,-5.75
19,-4.5,-1.0,-1.25,-7.25,-5.5,-6.0,-2.75,-7.75,-5.0,-5.75
20,-4.5,-1.0,-1.25,-7.25,-5.5,-6.0,-2.75,-7.75,-5.0,-5.75
21,-4.5,-1.0,-1.25,-7.25,-5.5,-6.0,-2.75,-7.75,-5.0,-5.75
22,-4.5,-1.0,-1.25,-7.25,-5.5,-6.0,-2.75,-7.75,-5.0,-5.75
23,-4.5,-1.0,-1.25,-7.25,-5.5,-6.0,-2.75,-7.75,-5.0,-5.75
24,-4.5,-1.0,-1.25,-7.25,-5.5,-6.0,-2.75,-7.75,-5.0,-5.75
25,-4.5,-1.0,-1.25,-7.25,-5.5,-6.0,-2.75,-7.75,-5.0,-5.75
26,-4.5,-1.0,-1.25,-7.25,-5.5,-6.0,-2.75,-7.75,-5.0,-5.75
27,-4.5,-1.0,-1.25,-7.25,-5.5,-6.0,-2.75,-7.75,-5.0,-5.75
28,-4.5,-1.0,-1.25,-7.25,-5.5,-6.0,-2.75,-7.75,-5.0,-5.75
29,-4.5,-1.0,-1.25,-7.25,-5.5,-6.0,-2.75,-7.75,-5.0,-5.75
30,-4.5,-1.0,-1.25,-7.25,-5.5,-6.0,-2.75,-7.75,-5.0,-5.75
31,-4.5,-1.0,-1.25,-7.25,-5.5,-6.0,-2.75,-7.75,-5.0,-5.75
32,-4.5,-1.0,-1.25,-7.25,-5.5,-6.0,-2.75,-7.75,-5.0,-5.75
33,-4.5,-1.0,-1.25,-7.25,-5.5,-6.0,-2.75,-7.75,-5.0,-5.75
34,-4.5,-1.0,-1.25,-7.25,-5.5,-6.0,-2.75,-7.75,-5.0,-5.75
35,-4.5,-1.0,-1.25,-7.25,-5.5,-6.0,-2.75,-7.75,-5.0,-5.75
36,-4.5,-1.0,-1.25,-7.25,-5.5,-6.0,-2.75,-7.75,-5.0,-5.75
37,-4.5,-1.0,-1.25,-7.25,-5.5,-6.0,-2.75,-7.75,-5.0,-5.75
38,-4.5,-1.0,-1.25,-7.25,-5.5,-6.0,-2.75,-7.75,-5.0,-5.75
39,-4.5,-1.0,-1.25,-7.25,-5.5,-6.0,-2.75,-7.75,-5.0,-5.75
40,-4.5,-1.0,-1.25,-7.25,-5.5,-6.0,-2.75,-7.75,-5.0,-5.75
41,-4.5,-1.0,-1.25,-7.25,-5.5,-6.0,-2.75,-7.75,-5.0,-5.75
42,-4.5,-1.0,-1.25,-7.25,-5.5,-6.0,-2.75,-7.75,-5.0,-5.75
43,-4.5,-1.0,-1.25,-7.25,-5.5,-6.0,-2.75,-7.75,-5.0,-5.75
44,-4.5,-1.0,-1.25,-7.25,-5.5,-6.0,-2.75,-7.75,-5.0,-5.75
45,-4.5,-1.0,-1.25,-7.25,-5.5,-6.0,-2.75,-7.75,-5.0,-5.75
46,-4.5,-1.0,-1.25,-7.25,-5.5,-6.0,-2.75,-7.75,-5.0,-5.75
47,-4.5,-1.0,-1.25,-7.25,-5.5,-6.0,-2.75,-7.75,-5.0,-5.75
48,-4.5,-1.0,-1.25,-7.25,-5.5,-6.0,-2.75,-7.75,-5.0,-5.75
49,-4.5,-1.0,-1.25,-7.25,-5.5,-6.0,-2.75,-7.75,-5.0,-5.75
50,-4.5,-1.0,-1.25,-7.25,-5.5,-6.0,-2.75,-7.75,-5.0,-5.75
51,-4.5,-1.0,-1.25,-7.25,-5.5,-6.0,-2.75,-7.75,-5.0,-5.75
52,-4.5,-1.0,-1.25,-7.25,-5.5,-6.0,-2.75,-7.75,-5.0,-5.75
53,-4.5,-1.0,-1.25,-7.25,-5.5,-6.0,-2.75,-7.75,-5.0,-5.75
54,-4.5,-1.0,-1.25,-7.25,-5.5,-6.0,-2.75,-7.75,-5.0,-5.75
55,-4.5,-1.0,-1.25,-7.25,-5.5,-6.0,-2.75,-7.75,-5.0,-5.75
56,-4.5,-1.0,-1.25,-7.25,-5.5,-6.0,-2.75,-7.75,-5.0,-5.75
57,-4.5,-1.0,-1.25,-7.25,-5.5,-6.0,-2.75,-7.75,-5.0,-5.75
58,-4.5,-1.0,-1.25,-7.25,-5.5,-6.0,-2.75,-7.75,-5.0,-5.75
59,-4.5,-1.0,-1.25,-7.25,-5.5,-6.0,-2.75,-7.75,-5.0,-5.75
60,-4.5,-1.0,-1.25,-7.25,-5.5,-6.0,-2.75,-7.75,-5.0,-5.75
61,-4.5,-1.0,-1.25,-7.25,-5.5,-6.0,-2.75,-7.75,-5.0,-5.75
62,-4.5,-1.0,-1.25,-7.25,-5.5,-6.0,-2.75,-7.75,-5.0,-5.75
63,-4.5,-1.0,-1.25,-7.25,-5.5,-6.0,-2.75,-7.75,-5.0,-5.75
64,-4.5,-1.0,-1.25,-7.25,-5.5,-6.0,-2.75,-7.75,-5.0,-5.75
65,-4.5,-1.0,-1.25,-7.25,-5.5,-6.0,-2.75,-7.75,-5.0,-5.75
66,-4.5,-1.0,-1.25,-7.25,-5.5,-6.0,-2.75,-7.75,-5.0,-5.75
67,-4.5,-1.0,-1.25,-7.25,-5.5,-6.0,-2.75,-7.75,-5.0,-5.75
68,-4.5,-1.0,-1.25,-7.25,-5.5,-6.0,-2.75,-7.75,-5.0,-5.75
69,-4.5,-1.0,-1.25,-7.25,-5.5,-6.0,-2.75,-7.75,-5.0,-5.75
70,-4.5,-1.0,-1.25,-7.25,-5.5,-6.0,-2.75,-7.75,-5.0,-5.75
71,-4.5,-1.0,-1.25,-7.25,-5.5,-6.0,-2.75,-7.75,-5.0,-5.75
72,-4.5,-1.0,-1.25,-7.25,-5.5,-6.0,-2.75,-7.75,-5.0,-5.75
73,-4.5,-1.0,-1.25,-7.25,-5.5,-6.0,-2.75,-7.75,-5.0,-5.75
74,-4.5,-1.0,-1.25,-7.25,-5.5,-6.0,-2.75,-7.75,-5.0,-5.75
75,-4.5,-1.0,-1.25,-7.25,-5.5,-6.0,-2.75,-7.75,-5.0,-5.75
76,-4.5,-1.0,-1.25,-7.25,-5.5,-6.0,-2.75,-7.75,-5.0,-5.75
77,-4.5,-1.0,-1.25,-7.25,-5.5,-6.0,-2.75,-7.75,-5.0,-5.75
78,-4.5,-1.0,-1.25,-7.25,-5.5,-6.0,-2.75,-7.75,-5.0,-5.75
79,-4.5,-1.0,-1.25,-7.25,-5.5,-6.0,-2.75,-7.75,-5.0,-5.75
80,-4.5,-1.0,-1.25,-7.25,-5.5,-6.0,-2.75,-7.75,-5.0,-5.75
81,-4.5,-1.0,-1.25,-7.25,-5.5,-6.0,-2.75,-7.75,-5.0,-5.75
82,-4.5,-1.0,-1.25,-7.25,-5.5,-6.0,-2.75,-7.75,-5.0,-5.75
83,-4.5,-1.0,-1.25,-7.25,-5.5,-6.0,-2.75,-7.75,-5.0,-5.75
84,-4.5,-1.0,-1.25,-7.25,-5.5,-6.0,-2.75,-7.75,-5.0,-5.75
85,-4.5,-1.0,-1.25,-7.25,-5.5,-6.0,-2.75,-7.75,-5.0,-5.75
86,-4.5,-1.0,-1.25,-7.25,-5.5,-6.0,-2.75,-7.75,-5.0,-5.75
87,-4.5,-1.0,-1.25,-7.25,-5.5,-6.0,-2.75,-7.75,-5.0,-5.75
88,-4.5,-1.0,-1.25,-7.25,-5.5,-6.0,-2.75,-7.75,-5.0,-5.75
89,-4.5,-1.0,-1.25,-7.25,-5.5,-6.0,-2.75,-7.75,-5.0,-5.75
90,-4.5,-1.0,-1.25,-7.25,-5.5,-6.0,-2.75,-7.75,-5.0,-5.75
91,-4.5,-1.0,-1.25,-7.25,-5.5,-6.0,-2.75,-7.75,-5.0,-5.75
92,-4.5,-1.0,-1.25,-7.25,-5.5,-6.0,-2.75,-7.75,-5.0,-5.75
93,-4.5,-1.0,-1.25,-7.25,-5.5,-6.0,-2.75,-7.75,-5.0,-5.75
94,-4.5,-1.0,-1.25,-7.25,-5.5,-6.0,-2.75,-7.75,-5.0,-5.75
95,-4.5,-1.0,-1.25,-7.25,-5.5,-6.0,-2.75,-7.75,-5.0,-5.75
96,-4.5,-1.0,-1.25,-7.25,-5.5,-6.0,-2.75,-7.75,-5.0,-5.75
97,-4.5,-1.0,-1.25,-7.25,-5.5,-6.0,-2.75,-7.75,-5.0,-5.75
98,-4.5,-1.0,-1.25,-7.25,-5.5,-6.0,-2.75,-7.75,-5.0,-5.75
99,-4.5,-1.0,-1.25,-7.25,-5.5,-6.0,-2.75,-7.75,-5.0,-5.75
000,-4.5,-1.0,-1.25,-7.25,-5.5,-6.0,-2.75,-7.75,-5.0,-5.75
001,-4.5,-1.0,-1.25,-7.25,-5.5,-6.0,-2.75,-7.75,-5.0,-5.75
002,-4.5,-1.0,-1.25,-7.25,-5.5,-6.0,-2.75,-7.75,-5.0,-5.75
003,-4.5,-1.0,-1.25,-7.25,-5.5,-6.0,-2.75,-7.75,-5.0,-5.75
004,-4.5,-1.0,-1.25,-7.25,-5.5,-6.0,-2.75,-7.75,-5.0,-5.75
005,-4.5,-1.0,-1.25,-7.25,-5.5,-6.0,-2.75,-7.75,-5.0,-5.75
006,-4.5,-1.0,-1.25,-7.25,-5.5,-6.0,-2.75,-7.75,-5.0,-5.75
007,-4.5,-1.0,-1.25,-7.25,-5.5,-6.0,-2.75,-7.75,-5.0,-5.75
008,-4.5,-1.0,-1.25,-7.25,-5.5,-6.0,-2.75,-7.75,-5.0,-5.75
009,-4.5,-1.0,-1.25,-7.25,-5.5,-6.0,-2.75,-7.75,-5.0,-5.75
010,-4.5,-1.0,-1.25,-7.25,-5.5,-6.0,-2.75,-7.75,-5.0,-5.75
011,-4.5,-1.0,-1.25,-7.25,-5.5,-6.0,-2.75,-7.75,-5.0,-5.75
012,-4.5,-1.0,-1.25,-7.25,-5.5,-6.0,-2.75,-7.75,-5.0,-5.75
013,-4.5,-1.0,-1.25,-7.25,-5.5,-6.0,-2.75,-7.75,-5.0,-5.75
014,-4.5,-1.0,-1.25,-7.25,-5.5,-6.0,-2.75,-7.75,-5.0,-5.75
015,-4.5,-1.0,-1.25,-7.25,-5.5,-6.0,-2.75,-7.75,-5.0,-5.75
016,-4.5,-1.0,-1.25,-7.25,-5.5,-6.0,-2.75,-7.75,-5.0,-5.75
017,-4.5,-1.0,-1.25,-7.25,-5.5,-6.0,-2.75,-7.75,-5.0,-5.75
018,-4.5,-1.0,-1.25,-7.25,-5.5,-6.0,-2.75,-7.75,-5.0,-5.75
019,-4.5,-1.0,-1.25,-7.25,-5.5,-6.0,-2.75,-7.75,-5.0,-5.75
020,-4.5,-1.0,-1.25,-7.25,-5.5,-6.0,-2.75,-7.75,-5.0,-5.75
021,-4.5,-1.0,-1.25,-7.25,-5.5,-6.0,-2.75,-7.75,-5.0,-5.75
022,-4.5,-1.0,-1.25,-7.25,-5.5,-6.0,-2.75,-7.75,-5.0,-5.75
023,-4.5,-1.0,-1.25,-7.25,-5.5,-6.0,-2.75,-7.75,-5.0,-5.75
024,-4.5,-1.0,-1.25,-7.25,-5.5,-6.0,-2.75,-7.75,-5.0,-5.75
025,-4.5,-1.0,-1.25,-7.25,-5.5,-6.0,-2.75,-7.75,-5.0,-5.75
026,-4.5,-1.0,-1.25,-7.25,-5.5,-6.0,-2.75,-7.75,-5.0,-5.75
027,-4.5,-1.0,-1.25,-7.25,-5.5,-6.0,-2.75,-7.75,-5.0,-5.75
028,-4.5,-1.0,-1.25,-7.25,-5.5,-6.0,-2.75,-7.75,-5.0,-5.75
029,-4.5,-1.0,-1.25,-7.25,-5.5,-6.0,-2.75,-7.75,-5.0,-5.75
030,-4.5,-1.0,-1.25,-7.25,-5.5,-6.0,-2.75,-7.75,-5.0,-5.75
031,-4.5,-1.0,-1.25,-7.25,-5.5,-6.0,-2.75,-7.75,-5.0,-5.75
032,-4.5,-1.0,-1.25,-7.25,-5.5,-6.0,-2.75,-7.75,-5.0,-5.75
033,-4.5,-1.0,-1.25,-7.25,-5.5,-6.0,-2.75,-7.75,-5.0,-5.75
034,-4.5,-1.0,-1.25,-7.25,-5.5,-6.0,-2.75,-7.75,-5.0,-5.75
035,-4.5,-1.0,-1.25,-7.25,-5.5,-6.0,-2.75,-7.75,-5.0,-5.75
036,-4.5,-1.0,-1.25,-7.25,-5.5,-6.0,-2.75,-7.75,-5.0,-5.75
037,-4.5,-1.0,-1.25,-7.25,-5.5,-6.0,-2.75,-7.75,-5.0,-5.75
038,-4.5,-1.0,-1.25,-7.25,-5.5,-6.0,-2.75,-7.75,-5.0,-5.75
039,-4.5,-1.0,-1.25,-7.25,-5.5,-6.0,-2.75,-7.75,-5.0,-5.75
040,-4.5,-1.0,-1.25,-7.25,-5.5,-6.0,-2.75,-7.75,-5.0,-5.75
041,-4.5,-1.0,-1.25,-7.25,-5.5,-6.0,-2.75,-7.75,-5.0,-5.75
042,-4.5,-1.0,-1.25,-7.25,-5.5,-6.0,-2.75,-7.75,-5.0,-5.75
043,-4.5,-1.0,-1.25,-7.25,-5.5,-6.0,-2.75,-7.75,-5.0,-5.75
044,-4.5,-1.0,-1.25,-7.25,-5.5,-6.0,-2.75,-7.75,-5.0,-5.75
045,-4.5,-1.0,-1.25,-7.25,-5.5,-6.0,-2.75,-7.75,-5.0,-5.75
046,-4.5,-1.0,-1.25,-7.25,-5.5,-6.0,-2.75,-7.75,-5.0,-5.75
047,-4.5,-1.0,-1.25,-7.25,-5.5,-6.0,-2.75,-7.75,-5.0,-5.75
048,-4.5,-1.0,-1.25,-7.25,-5.5,-6.0,-2.75,-7.75,-5.0,-5.75
049,-4.5,-1.0,-1.25,-7.25,-5.5,-6.0,-2.75,-7.75,-5.0,-5.75
050,-4.5,-1.0,-1.25,-7.25,-5.5,-6.0,-2.75,-7.75,-5.0,-5.75
051,-4.5,-1.0,-1.25,-7.25,-5.5,-6.0,-2.75,-7.75,-5.0,-5.75
052,-4.5,-1.0,-1.25,-7.25,-5.5,-6.0,-2.75,-7.75,-5.0,-5.75
053,-4.5,-1.0,-1.25,-7.25,-5.5,-6.0,-2.75,-7.75,-5.0,-5.75
054,-4.5,-1.0,-1.25,-7.25,-5.5,-6.0,-2.75,-7.75,-5.0,-5.75
055,-4.5,-1.0,-1.25,-7.25,-5.5,-6.0,-2.75,-7.75,-5.0,-5.75
056,-4.5,-1.0,-1.25,-7.25,-5.5,-6.0,-2.75,-7.75,-5.0,-5.75
057,-4.5,-1.0,-1.25,-7.25,-5.5,-6.0,-2.75,-7.75,-5.0,-5.75
058,-4.5,-1.0,-1.25,-7.25,-5.5,-6.0,-2.75,-7.75,-5.0,-5.75
059,-4.5,-1.0,-1.25,-7.25,-5.5,-6.0,-2.75,-7.75,-5.0,-5.75
060,-4.5,-1.0,-1.25,-7.25,-5.5,-6.0,-2.75,-7.75,-5.0,-5.75
061,-4.5,-1.0,-1.25,-7.25,-5.5,-6.0,-2.75,-7.75,-5.0,-5.75
062,-4.5,-1.0,-1.25,-7.25,-5.5,-6.0,-2.75,-7.75,-5.0,-5.75
063,-4.5,-1.0,-1.25,-7.25,-5.5,-6.0,-2.75,-7.75,-5.0,-5.75
064,-4.5,-1.0,-1.25,-7.25,-5.5,-6.0,-2.75,-7.75,-5.0,-5.75
065,-4.5,-1.0,-1.25,-7.25,-5.5,-6.0,-2.75,-7.75,-5.0,-5.75
066,-4.5,-1.0,-1.25,-7.25,-5.5,-6.0,-2.75,-7.75,-5.0,-5.75
067,-4.5,-1.0,-1.25,-7.25,-5.5,-6.0,-2.75,-7.75,-5.0,-5.75
068,-4.5,-1.0,-1.25,-7.25,-5.5,-6.0,-2.75,-7.75,-5.0,-5.75
069,-4.5,-1.0,-1.25,-7.25,-5.5,-6.0,-2.75,-7.75,-5.0,-5.75
070,-4.5,-1.0,-1.25,-7.25,-5.5,-6.0,-2.75,-7.75,-5.0,-5.75
071,-4.5,-1.0,-1.25,-7.25,-5.5,-6.0,-2.75,-7.75,-5.0,-5.75
072,-4.5,-1.0,-1.25,-7.25,-5.5,-6.0,-2.75,-7.75,-5.0,-5.75
073,-4.5,-1.0,-1.25,-7.25,-5.5,-6.0,-2.75,-7.75,-5.0,-5.75
074,-4.5,-1.0,-1.25,-7.25,-5.5,-6.0,-2.75,-7.75,-5.0,-5.75
075,-4.5,-1.0,-1.25,-7.25,-5.5,-6.0,-2.75,-7.75,-5.0,-5.75
076,-4.5,-1.0,-1.25,-7.25,-5.5,-6.0,-2.75,-7.75,-5.0,-5.75
077,-4.5,-1.0,-1.25,-7.25,-5.5,-6.0,-2.75,-7.75,-5.0,-5.75
078,-4.5,-1.0,-1.25,-7.25,-5.5,-6.0,-2.75,-7.75,-5.0,-5.75
079,-4.5,-1.0,-1.25,-7.25,-5.5,-6.0,-2.75,-7.75,-5.0,-5.75
080,-4.5,-1.0,-1.25,-7.25,-5.5,-6.0,-2.75,-7.75,-5.0,-5.75
081,-4.5,-1.0,-1.25,-7.25,-5.5,-6.0,-2.75,-7.75,-5.0,-5.75
082,-4.5,-1.0,-1.25,-7.25,-5.5,-6.0,-2.75,-7.75,-5.0,-5.75
083,-4.5,-1.0,-1.25,-7.25,-5.5,-6.0,-2.75,-7.75,-5.0,-5.75
084,-4.5,-1.0,-1.25,-7.25,-5.5,-6.0,-2.75,-7.75,-5.0,-5.75
085,-4.5,-1.0,-1.25,-7.25,-5.5,-6.0,-2.75,-7.75,-5.0,-5.75
086,-4.5,-1.0,-1.25,-7.25,-5.5,-6.0,-2.75,-7.75,-5.0,-5.75
087,-4.5,-1.0,-1.25,-7.25,-5.5,-6.0,-2.75,-7.75,-5.0,-5.75
088,-4.5,-1.0,-1.25,-7.25,-5.5,-6.0,-2.75,-7.75,-5.0,-5.75
089,-4.5,-1.0,-1.25,-7.25,-5.5,-6.0,-2.75,-7.75,-5.0,-5.75
090,-4.5,-1.0,-1.25,-7.25,-5.5,-6.0,-2.75,-7.75,-5.0,-5.75
091,-4.5,-1.0,-1.25,-7.25,-5.5,-6.0,-2.75,-7.75,-5.0,-5.75
092,-4.5,-1.0,-1.25,-7.25,-5.5,-6.0,-2.75,-7.75,-5.0,-5.75
093,-4.5,-1.0,-1.25,-7.25,-5.5,-6.0,-2.75,-7.75,-5.0,-5.75
094,-4.5,-1.0,-1.25,-7.25,-5.5,-6.0,-2.75,-7.75,-5.0,-5.75
095,-4.5,-1.0,-1.25,-7.25,-5.5,-6.0,-2.75,-7.75,-5.0,-5.75
096,-4.5,-1.0,-1.25,-7.25,-5.5,-6.0,-2.75,-7.75,-5.0,-5.75
097,-4.5,-1.0,-1.25,-7.25,-5.5,-6.0,-2.75,-7.75,-5.0,-5.75
098,-4.5,-1.0,-1.25,-7.25,-5.5,-6.0,-2.75,-7.75,-5.0,-5.75
099,-4.5,-1.0,-1.25,-7.25,-5.5,-6.0,-2.75,-7.75,-5.0,-5.75
100,-4.5,-1.0,-1.25,-7.25,-5.5,-6.0,-2.75,-7.75,-5.0,-5.75
101,-4.5,-1.0,-1.25,-7.25,-5.5,-6.0,-2.75,-7.75,-5.0,-5.75
102,-4.5,-1.0,-1.25,-7.25,-5.5,-6.0,-2.75,-7.75,-5.0,-5.75
103,-4.5,-1.0,-1.25,-7.25,-5.5,-6.0,-2.75,-7.75,-5.0,-5.75
104,-4.5,-1.0,-1.25,-7.25,-5.5,-6.0,-2.75,-7.75,-5.0,-5.75
105,-4.5,-1.0,-1.25,-7.25,-5.5,-6.0,-2.75,-7.75,-5.0,-5.75
106,-4.5,-1.0,-1.25,-7.25,-5.5,-6.0,-2.75,-7.75,-5.0,-5.75
107,-4.5,-1.0,-1.25,-7.25,-5.5,-6.0,-2.75,-7.75,-5.0,-5.75
108,-4.5,-1.0,-1.25,-7.25,-5.5,-6.0,-2.75,-7.75,-5.0,-5.75
109,-4.5,-1.0,-1.25,-7.25,-5.5,-6.0,-2.75,-7.75,-5.0,-5.75
110,-4.5,-1.0,-1.25,-7.25,-5.5,-6.0,-2.75,-7.75,-5.0,-5.75
111,-4.5,-1.0,-1.25,-7.25,-5.5,-6.0,-2.75,-7.75,-5.0,-5.75
112,-4.5,-1.0,-1.25,-7.25,-5.5,-6.0,-2.75,-7.75,-5.0,-5.75
113,-4.5,-1.0,-1.25,-7.25,-5.5,-6.0,-2.75,-7.75,-5.0,-5.75
114,-4.5,-1.0,-1.25,-7.25,-5.5,-6.0,-2.75,-7.75,-5.0,-5.75
115,-4.5,-1.0,-1.25,-7.25,-5.5,-6.0,-2.75,-7.75,-5.0,-5.75
116,-4.5,-1.0,-1.25,-7.25,-5.5,-6.0,-2.75,-7.75,-5.0,-5.75
117,-4.5,-1.0,-1.25,-7.25,-5.5,-6.0,-2.75,-7.75,-5.0,-5.75
118,-4.5,-1.0,-1.25,-7.25,-5.5,-6.0,-2.75,-7.75,-5.0,-5.75
119,-4.5,-1.0,-1.25,-7.25,-5.5,-6.0,-2.75,-7.75,-5.0,-5.75
120,-4.5,-1.0,-1.25,-7.25,-5.5,-6.0,-2.75,-7.75,-5.0,-5.75
121,-4.5,-1.0,-1.25,-7.25,-5.5,-6.0,-2.75,-7.75,-5.0,-5.75
122,-4.5,-1.0,-1.25,-7.25,-5.5,-6.0,-2.75,-7.75,-5.0,-5.75
123,-4.5,-1.0,-1.25,-7.25,-5.5,-6.0,-2.75,-7.75,-5.0,-5.75
124,-4.5,-1.0,-1.25,-7.25,-5.5,-6.0,-2.75,-7.75,-5.0,-5.75
125,-4.5,-1.0,-1.25,-7.25,-5.5,-6.0,-2.75,-7.75,-5.0,-5.75
126,-4.5,-1.0,-1.25,-7.25,-5.5,-6.0,-2.75,-7.75,-5.0,-5.75
127,-4.5,-1.0,-1.25,-7.25,-5.5,-6.0,-2.75,-7.75,-5.0,-5.75
128,-4.5,-1.0,-1.25,-7.25,-5.5,-6.0,-2.75,-7.75,-5.0,-5.75
129,-4.5,-1.0,-1.25,-7.25,-5.5,-6.0,-2.75,-7.75,-5.0,-5.75
130,-4.5,-1.0,-1.25,-7.25,-5.5,-6.0,-2.75,-7.75,-5.0,-5.75
131,-4.5,-1.0,-1.25,-7.25,-5.5,-6.0,-2.75,-7.75,-5.0,-5.75
132,-4.5,-1.0,-1.25,-7.25,-5.5,-6.0,-2.75,-7.75,-5.0,-5.75
133,-4.5,-1.0,-1.25,-7.25,-5.5,-6.0,-2.75,-7.75,-5.0,-5.75
134,-4.5,-1.0,-1.25,-7.25,-5.5,-6.0,-2.75,-7.75,-5.0,-5.75
135,-4.5,-1.0,-1.25,-7.25,-5.5,-6.0,-2.75,-7.75,-5.0,-5.75
136,-4.5,-1.0,-1.25,-7.25,-5.5,-6.0,-2.75,-7.75,-5.0,-5.75
137,-4.5,-1.0,-1.25,-7.25,-5.5,-6.0,-2.75,-7.75,-5.0,-5.75
138,-4.5,-1.0,-1.25,-7.25,-5.5,-6.0,-2.75,-7.75,-5.0,-5.75
139,-4.5,-1.0,-1.25,-7.25,-5.5,-6.0,-2.75,-7.75,-5.0,-5.75
140,-4.5,-1.0,-1.25,-7.25,-5.5,-6.0,-2.75,-7.75,-5.0,-5.75
141,-4.5,-1.0,-1.25,-7.25,-5.5,-6.0,-2.75,-7.75,-5.0,-5.75
142,-4.5,-1.0,-1.25,-7.25,-5.5,-6.0,-2.75,-7.75,-5.0,-5.75
143,-4.5,-1.0,-1.25,-7.25,-5.5,-6.0,-2.75,-7.75,-5.0,-5.75
144,-4.5,-1.0,-1.25,-7.25,-5.5,-6.0,-2.75,-7.75,-5.0,-5.75
145,-4.5,-1.0,-1.25,-7.25,-5.5,-6.0,-2.75,-7.75,-5.0,-5.75
146,-4.5,-1.0,-1.25,-7.25,-5.5,-6.0,-2.75,-7.75,-5.0,-5.75
147,-4.5,-1.0,-1.25,-7.25,-5.5,-6.0,-2.75,-7.75,-5.0,-5.75
148,-4.5,-1.0,-1.25,-7.25,-5.5,-6.0,-2.75,-7.75,-5.0,-5.75
149,-4.5,-1.0,-1.25,-7.25,-5.5,-6.0,-2.75,-7.75,-5.0,-5.75
150,-4.5,-1.0,-1.25,-7.25,-5.5,-6.0,-2.75,-7.75,-5.0,-5.75
151,-4.5,-1.0,-1.25,-7.25,-5.5,-6.0,-2.75,-7.75,-5.0,-5.75
152,-4.5,-1.0,-1.25,-7.25,-5.5,-6.0,-2.75,-7.75,-5.0,-5.75
153,-4.5,-1.0,-1.25,-7.25,-5.5,-6.0,-2.75,-7.75,-5.0,-5.75
154,-4.5,-1.0,-1.25,-7.25,-5.5,-6.0,-2.75,-7.75,-5.0,-5.75
155,-4.5,-1.0,-1.25,-7.25,-5.5,-6.0,-2.75,-7.75,-5.0,-5.75
156,-4.5,-1.0,-1.25,-7.25,-5.5,-6.0,-2.75,-7.75,-5.0,-5.75
157,-4.5,-1.0,-1.25,-7.25,-5.5,-6.0,-2.75,-7.75,-5.0,-5.75
158,-4.5,-1.0,-1.25,-7.25,-5.5,-6.0,-2.75,-7.75,-5.0,-5.75
159,-4.5,-1.0,-1.25,-7.25,-5.5,-6.0,-2.75,-7.75,-5.0,-5.75
160,-4.5,-1.0,-1.25,-7.25,-5.5,-6.0,-2.75,-7.75,-5.0,-5.75
161,-4.5,-1.0,-1.25,-7.25,-5.5,-6.0,-2.75,-7.75,-5.0,-5.75
162,-4.5,-1.0,-1.25,-7.25,-5.5,-6.0,-2.75,-7.75,-5.0,-5.75
163,-4.5,-1.0,-1.25,-7.25,-5.5,-6.0,-2.75,-7.75,-5.0,-5.75
164,-4.5,-1.0,-1.25,-7.25,-5.5,-6.0,-2.75,-7.75,-5.0,-5.75
165,-4.5,-1.0,-1.25,-7.25,-5.5,-6.0,-2.75,-7.75,-5.0,-5.75
166,-4.5,-1.0,-1.25,-7.25,-5.5,-6.0,-2.75,-7.75,-5.0,-5.75
167,-4.5,-1.0,-1.25,-7.25,-5.5,-6.0,-2.75,-7.75,-5.0,-5.75
168,-4.5,-1.0,-1.25,-7.25,-5.5,-6.0,-2.75,-7.75,-5.0,-5.75
169,-4.5,-1.0,-1.25,-7.25,-5.5,-6.0,-2.75,-7.75,-5.0,-5.75
170,-4.5,-1.0,-1.25,-7.25,-5.5,-6.0,-2.75,-7.75,-5.0,-5.75
171,-4.5,-1.0,-1.25,-7.25,-5.5,-6.0,-2.75,-7.75,-5.0,-5.75
172,-4.5,-1.0,-1.25,-7.25,-5.5,-6.0,-2.75,-7.75,-5.0,-5.75
173,-4.5,-1.0,-1.25,-7.25,-5.5,-6.0,-2.75,-7.75,-5.0,-5.75
174,-4.5,-1.0,-1.25,-7.25,-5.5,-6.0,-2.75,-7.75,-5.0,-5.75
175,-4.5,-1.0,-1.25,-7.25,-5.5,-6.0,-2.75,-7.75,-5.0,-5.75
176,-4.5,-1.0,-1.25,-7.25,-5.5,-6.0,-2.75,-7.75,-5.0,-5.75
177,-4.5,-1.0,-1.25,-7.25,-5.5,-6.0,-2.75,-7.75,-5.0,-5.75
178,-4.5,-1.0,-1.25,-7.25,-5.5,-6.0,-2.75,-7.75,-5.0,-5.75
179,-4.5,-1.0,-1.25,-7.25,-5.5,-6.0,-2.75,-7.75,-5.0,-5.75
180,-4.5,-1.0,-1.25,-7.25,-5.5,-6.0,-2.75,-7.75,-5.0,-5.75
181,-4.5,-1.0,-1.25,-7.25,-5.5,-6.0,-2.75,-7.75,-5.0,-5.75
182,-4.5,-1.0,-1.25,-7.25,-5.5,-6.0,-2.75,-7.75,-5.0,-5.75
183,-4.5,-1.0,-1.25,-7.25,-5.5,-6.0,-2.75,-7.75,-5.0,-5.75
184,-4.5,-1.0,-1.25,-7.25,-5.5,-6.0,-2.75,-7.75,-5.0,-5.75
185,-4.5,-1.0,-1.25,-7.25,-5.5,-6.0,-2.75,-7.75,-5.0,-5.75
186,-4.5,-1.0,-1.25,-7.25,-5.5,-6.0,-2.75,-7.75,-5.0,-5.75
187,-4.5,-1.0,-1.25,-7.25,-5.5,-6.0,-2.75,-7.75,-5.0,-5.75
188,-4.5,-1.0,-1.25,-7.25,-5.5,-6.0,-2.75,-7.75,-5.0,-5.75
189,-4.5,-1.0,-1.25,-7.25,-5.5,-6.0,-2.75,-7.75,-5.0,-5.75
190,-4.5,-1.0,-1.25,-7.25,-5.5,-6.0,-2.75,-7.75,-5.0,-5.75
191,-4.5,-1.0,-1.25,-7.25,-5.5,-6.0,-2.75,-7.75,-5.0,-5.75
192,-4.5,-1.0,-1.25,-7.25,-5.5,-6.0,-2.75,-7.75,-5.0,-5.75
193,-4.5,-1.0,-1.25,-7.25,-5.5,-6.0,-2.75,-7.75,-5.0,-5.75
194,-4.5,-1.0,-1.25,-7.25,-5.5,-6.0,-2.75,-7.75,-5.0,-5.75
195,-4.5,-1.0,-1.25,-7.25,-5.5,-6.0,-2.75,-7.75,-5.0,-5.75
196,-4.5,-1.0,-1.25,-7.25,-5.5,-6.0,-2.75,-7.75,-5.0,-5.75
197,-4.5,-1.0,-1.25,-7.25,-5.5,-6.0,-2.75,-7.75,-5.0,-5.75
198,-4.5,-1.0,-1.25,-7.25,-5.5,-6.0,-2.75,-7.75,-5.0,-5.75
199,-4.5,-1.0,-1.25,-7.25,-5.5,-6.0,-2.75,-7.75,-5.0,-5.75
200,-4.5,-1.0,-1.25,-7.25,-5.5,-6.0,-2.75,-7.75,-5.0,-5.75
201,-4.5,-1.0,-1.25,-7.25,-5.5,-6.0,-2.75,-7.75,-5.0,-5.75
202,-4.5,-1.0,-1.25,-7.25,-5.5,-6.0,-2.75,-7.75,-5.0,-5.75
203,-4.5,-1.0,-1.25,-7.25,-5.5,-6.0,-2.75,-7.75,-5.0,-5.75
204,-4.5,-1.0,-1.25,-7.25,-5.5,-6.0,-2.75,-7.75,-5.0,-5.75
205,-4.5,-1.0,-1.25,-7.25,-5.5,-6.0,-2.75,-7.75,-5.0,-5.75
206,-4.5,-1.0,-1.25,-7.25,-5.5,-6.0,-2.75,-7.75,-5.0,-5.75
207,-4.5,-1.0,-1.25,-7.25,-5.5,-6.0,-2.75,-7.75,-5.0,-5.75
208,-4.5,-1.0,-1.25,-7.25,-5.5,-6.0,-2.75,-7.75,-5.0,-5.75
209,-4.5,-1.0,-1.25,-7.25,-5.5,-6.0,-2.75,-7.75,-5.0,-5.75
210,-4.5,-1.0,-1.25,-7.25,-5.5,-6.0,-2.75,-7.75,-5.0,-5.75
211,-4.5,-1.0,-1.25,-7.25,-5.5,-6.0,-2.75,-7.75,-5.0,-5.75
212,-4.5,-1.0,-1.25,-7.25,-5.5,-6.0,-2.75,-7.75,-5.0,-5.75
213,-4.5,-1.0,-1.25,-7.25,-5.5,-6.0,-2.75,-7.75,-5.0,-5.75
214,-4.5,-1.0,-1.25,-7.25,-5.5,-6.0,-2.75,-7.75,-5.0,-5.75
215,-4.5,-1.0,-1.25,-7.25,-5.5,-6.0,-2.75,-7.75,-5.0,-5.75
216,-4.5,-1.0,-1.25,-7.25,-5.5,-6.0,-2.75,-7.75,-5.0,-5.75
217,-4.5,-1.0,-1.25,-7.25,-5.5,-6.0,-2.75,-7.75,-5.0,-5.75
218,-4.5,-1.0,-1.25,-7.25,-5.5,-6.0,-2.75,-7.75,-5.0,-5.75
219,-4.5,-1.0,-1.25,-7.25,-5.5,-6.0,-2.75,-7.75,-5.0,-5.75
220,-4.5,-1.0,-1.25,-7.25,-5.5,-6.0,-2.75,-7.75,-5.0,-5.75
221,-4.5,-1.0,-1.25,-7.25,-5.5,-6.0,-2.75,-7.75,-5.0,-5.75
222,-4.5,-1.0,-1.25,-7.25,-5.5,-6.0,-2.75,-7.75,-5.0,-5.75
223,-4.5,-1.0,-1.25,-7.25,-5.5,-6.0,-2.75,-7.75,-5.0,-5.75
224,-4.5,-1.0,-1.25,-7.25,-5.5,-6.0,-2.75,-7.75,-5.0,-5.75
225,-4.5,-1.0,-1.25,-7.25,-5.5,-6.0,-2.75,-7.75,-5.0,-5.75
226,-4.5,-1.0,-1.25,-7.25,-5.5,-6.0,-2.75,-7.75,-5.0,-5.75
227,-4.5,-1.0,-1.25,-7.25,-5.5,-6.0,-2.75,-7.75,-5.0,-5.75
228,-4.5,-1.0,-1.25,-7.25,-5.5,-6.0,-2.75,-7.75,-5.0,-5.75
229,-4.5,-1.0,-1.25,-7.25,-5.5,-6.0,-2.75,-7.75,-5.0,-5.75
230,-4.5,-1.0,-1.25,-7.25,-5.5,-6.0,-2.75,-7.75,-5.0,-5.75
231,-4.5,-1.0,-1.25,-7.25,-5.5,-6.0,-2.75,-7.75,-5.0,-5.75
232,-4.5,-1.0,-1.25,-7.25,-5.5,-6.0,-2.75,-7.75,-5.0,-5.75
233,-4.5,-1.0,-1.25,-7.25,-5.5,-6.0,-2.75,-7.75,-5.0,-5.75
234,-4.5,-1.0,-1.25,-7.25,-5.5,-6.0,-2.75,-7.75,-5.0,-5.75
235,-4.5,-1.0,-1.25,-7.25,-5.5,-6.0,-2.75,-7.75,-5.0,-5.75
236,-4.5,-1.0,-1.25,-7.25,-5.5,-6.0,-2.75,-7.75,-5.0,-5.75
237,-4.5,-1.0,-1.25,-7.25,-5.5,-6.0,-2.75,-7.75,-5.0,-5.75
238,-4.5,-1.0,-1.25,-7.25,-5.5,-6.0,-2.75,-7.75,-5.0,-5.75
239,-4.5,-1.0,-1.25,-7.25,-5.5,-6.0,-2.75,-7.75,-5.0,-5.75
240,-4.5,-1.0,-1.25,-7.25,-5.5,-6.0,-2.75,-7.75,-5.0,-5.75
241,-4.5,-1.0,-1.25,-7.25,-5.5,-6.0,-2.75,-7.75,-5.0,-5.75
242,-4.5,-1.0,-1.25,-7.25,-5.5,-6.0,-2.75,-7.75,-5.0,-5.75
243,-4.5,-1.0,-1.25,-7.25,-5.5,-6.0,-2.75,-7.75,-5.0,-5.75
244,-4.5,-1.0,-1.25,-7.25,-5.5,-6.0,-2.75,-7.75,-5.0,-5.75
245,-4.5,-1.0,-1.25,-7.25,-5.5,-6.0,-2.75,-7.75,-5.0,-5.75
246,-4.5,-1.0,-1.25,-7.25,-5.5,-6.0,-2.75,-7.75,-5.0,-5.75
247,-4.5,-1.0,-1.25,-7.25,-5.5,-6.0,-2.75,-7.75,-5.0,-5.75
248,-4.5,-1.0,-1.25,-7.25,-5.5,-6.0,-2.75,-7.75,-5.0,-5.75
249,-4.5,-1.0,-1.25,-7.25,-5.5,-6.0,-2.75,-7.75,-5.0,-5.75
250,-4.5,-1.0,-1.25,-7.25,-5.5,-6.0,-2.75,-7.75,-5.0,-5.75
251,-4.5,-1.0,-1.25,-7.25,-5.5,-6.0,-2.75,-7.75,-5.0,-5.75
252,-4.5,-1.0,-1.25,-7.25,-5.5,-6.0,-2.75,-7.75,-5.0,-5.75
253,-4.5,-1.0,-1.25,-7.25,-5.5,-6.0,-2.75,-7.75,-5.0,-5.75
254,-4.5,-1.0,-1.25,-7.25,-5.5,-6.0,-2.75,-7.75,-5.0,-5.75
255,-4.5,-1.0,-1.25,-7.25,-5.5,-6.0,-2.75,-7.75,-5.0,-5.75
256,-4.5,-1.0,-1.25,-7.25,-5.5,-6.0,-2.75,-7.75,-5.0,-5.75
257,-4.5,-1.0,-1.25,-7.25,-5.5,-6.0,-2.75,-7.75,-5.0,-5.75
258,-4.5,-1.0,-1.25,-7.25,-5.5,-6.0,-2.75,-7.75,-5.0,-5.75
259,-4.5,-1.0,-1.25,-7.25,-5.5,-6.0,-2.75,-7.75,-5.0,-5.75
260,-4.5,-1.0,-1.25,-7.25,-5.5,-6.0,-2.75,-7.75,-5.0,-5.75
261,-4.5,-1.0,-1.25,-7.25,-5.5,-6.0,-2.75,-7.75,-5.0,-5.75
262,-4.5,-1.0,-1.25,-7.25,-5.5,-6.0,-2.75,-7.75,-5.0,-5.75
263,-4.5,-1.0,-1.25,-7.25,-5.5,-6.0,-2.75,-7.75,-5.0,-5.75
264,-4.5,-1.0,-1.25,-7.25,-5.5,-6.0,-2.75,-7.75,-5.0,-5.75
265,-4.5,-1.0,-1.25,-7.25,-5.5,-6.0,-2.75,-7.75,-5.0,-5.75
266,-4.5,-1.0,-1.25,-7.25,-5.5,-6.0,-2.75,-7.75,-5.0,-5.75
267,-4.5,-1.0,-1.25,-7.25,-5.5,-6.0,-2.75,-7.75,-5.0,-5.75
268,-4.5,-1.0,-1.25,-7.25,-5.5,-6.0,-2.75,-7.75,-5.0,-5.75
269,-4.5,-1.0,-1.25,-7.25,-5.5,-6.0,-2.75,-7.75,-5.0,-5.75
270,-4.5,-1.0,-1.25,-7.25,-5.5,-6.0,-2.75,-7.75,-5.0,-5.75
271,-4.5,-1.0,-1.25,-7.25,-5.5,-6.0,-2.75,-7.75,-5.0,-5.75
272,-4.5,-1.0,-1.25,-7.25,-5.5,-6.0,-2.75,-7.75,-5.0,-5.75
273,-4.5,-1.0,-1.25,-7.25,-5.5,-6.0,-2.75,-7.75,-5.0,-5.75
274,-4.5,-1.0,-1.25,-7.25,-5.5,-6.0,-2.75,-7.75,-5.0,-5.75
275,-4.5,-1.0,-1.25,-7.25,-5.5,-6.0,-2.75,-7.75,-5.0,-5.75
276,-4.5,-1.0,-1.25,-7.25,-5.5,-6.0,-2.75,-7.75,-5.0,-5.75
277,-4.5,-1.0,-1.25,-7.25,-5.5,-6.0,-2.75,-7.75,-5.0,-5.75
278,-4.5,-1.0,-1.25,-7.25,-5.5,-6.0,-2.75,-7.75,-5.0,-5.75
279,-4.5,-1.0,-1.25,-7.25,-5.5,-6.0,-2.75,-7.75,-5.0,-5.75
280,-4.5,-1.0,-1.25,-7.25,-5.5,-6.0,-2.75,-7.75,-5.0,-5.75
281,-4.5,-1.0,-1.25,-7.25,-5.5,-6.0,-2.75,-7.75,-5.0,-5.75
282,-4.5,-1.0,-1.25,-7.25,-5.5,-6.0,-2.75,-7.75,-5.0,-5.75
283,-4.5,-1.0,-1.25,-7.25,-5.5,-6.0,-2.75,-7.75,-5.0,-5.75
284,-4.5,-1.0,-1.25,-7.25,-5.5,-6.0,-2.75,-7.75,-5.0,-5.75
285,-4.5,-1.0,-1.25,-7.25,-5.5,-6.0,-2.75,-7.75,-5.0,-5.75
286,-4.5,-1.0,-1.25,-7.25,-5.5,-6.0,-2.75,-7.75,-5.0,-5.75
287,-4.5,-1.0,-1.25,-7.25,-5.5,-6.0,-2.75,-7.75,-5.0,-5.75
288,-4.5,-1.0,-1.25,-7.25,-5.5,-6.0,-2.75,-7.75,-5.0,-5.75
289,-4.5,-1.0,-1.25,-7.25,-5.5,-6.0,-2.75,-7.75,-5.0,-5.75
290,-4.5,-1.0,-1.25,-7.25,-5.5,-6.0,-2.75,-7.75,-5.0,-5.75
291,-4.5,-1.0,-1.25,-7.25,-5.5,-6.0,-2.75,-7.75,-5.0,-5.75
292,-4.5,-1.0,-1.25,-7.25,-5.5,-6.0,-2.75,-7.75,-5.0,-5.75
293,-4.5,-1.0,-1.25,-7.25,-5.5,-6.0,-2.75,-7.75,-5.0,-5.75
294,-4.5,-1.0,-1.25,-7.25,-5.5,-6.0,-2.75,-7.75,-5.0,-5.75
295,-4.5,-1.0,-1.25,-7.25,-5.5,-6.0,-2.75,-7.75,-5.0,-5.75
296,-4.5,-1.0,-1.25,-7.25,-5.5,-6.0,-2.75,-7.75,-5.0,-5.75
297,-4.5,-1.0,-1.25,-7.25,-5.5,-6.0,-2.75,-7.75,-5.0,-5.75
298,-4.5,-1.0,-1.25,-7.25,-5.5,-6.0,-2.75,-7.75,-5.0,-5.75
299,-4.5,-1.0,-1.25,-7.25,-5.5,-6.0,-2.75,-7.75,-5.0,-5.75
300,-4.5,-1.0,-1.25,-7.25,-5.5,-6.0,-2.75,-7.75,-5.0,-5.75
301,-4.5,-1.0,-1.25,-7.25,-5.5,-6.0,-2.75,-7.75,-5.0,-5.75
302,-4.5,-1.0,-1.25,-7.25,-5.5,-6.0,-2.75,-7.75,-5.0,-5.75
303,-4.5,-1.0,-1.25,-7.25,-5.5,-6.0,-2.75,-7.75,-5.0,-5.75
304,-4.5,-1.0,-1.25,-7.25,-5.5,-6.0,-2.75,-7.75,-5.0,-5.75
305,-4.5,-1.0,-1.25,-7.25,-5.5,-6.0,-2.75,-7.75,-5.0,-5.75
306,-4.5,-1.0,-1.25,-7.25,-5.5,-6.0,-2.75,-7.75,-5.0,-5.75
307,-4.5,-1.0,-1.25,-7.25,-5.5,-6.0,-2.75,-7.75,-5.0,-5.75
308,-4.5,-1.0,-1.25,-7.25,-5.5,-6.0,-2.75,-7.75,-5.0,-5.75
309,-4.5,-1.0,-1.25,-7.25,-5.5,-6.0,-2.75,-7.75,-5.0,-5.75
310,-4.5,-1.0,-1.25,-7.25,-5.5,-6.0,-2.75,-7.75,-5.0,-5.75
311,-4.5,-1.0,-1.25,-7.25,-5.5,-6.0,-2.75,-7.75,-5.0,-5.75
312,-4.5,-1.0,-1.25,-7.25,-5.5,-6.0,-2.75,-7.75,-5.0,-5.75
313,-4.5,-1.0,-1.25,-7.25,-5.5,-6.0,-2.75,-7.75,-5.0,-5.75
314,-4.5,-1.0,-1.25,-7.25,-5.5,-6.0,-2.75,-7.75,-5.0,-5.75
315,-4.5,-1.0,-1.25,-7.25,-5.5,-6.0,-2.75,-7.75,-5.0,-5.75
316,-4.5,-1.0,-1.25,-7.25,-5.5,-6.0,-2.75,-7.75,-5.0,-5.75
317,-4.5,-1.0,-1.25,-7.25,-5.5,-6.0,-2.75,-7.75,-5.0,-5.75
318,-4.5,-1.0,-1.25,-7.25,-5.5,-6.0,-2.75,-7.75,-5.0,-5.75
319,-4.5,-1.0,-1.25,-7.25,-5.5,-6.0,-2.75,-7.75,-5.0,-5.75
320,-4.5,-1.0,-1.25,-7.25,-5.5,-6.0,-2.75,-7.75,-5.0,-5.75
321,-4.5,-1.0,-1.25,-7.25,-5.5,-6.0,-2.75,-7.75,-5.0,-5.75
322,-4.5,-1.0,-1.25,-7.25,-5.5,-6.0,-2.75,-7.75,-5.0,-5.75
323,-4.5,-1.0,-1.25,-7.25,-5.5,-6.0,-2.75,-7.75,-5.0,-5.75
324,-4.5,-1.0,-1.25,-7.25,-5.5,-6.0,-2.75,-7.75,-5.0,-5.75
325,-4.5,-1.0,-1.25,-7.25,-5.5,-6.0,-2.75,-7.75,-5.0,-5.75
326,-4.5,-1.0,-1.25,-7.25,-5.5,-6.0,-2.75,-7.75,-5.0,-5.75
327,-4.5,-1.0,-1.25,-7.25,-5.5,-6.0,-2.75,-7.75,-5.0,-5.75
328,-4.5,-1.0,-1.25,-7.25,-5.5,-6.0,-2.75,-7.75,-5.0,-5.75
329,-4.5,-1.0,-1.25,-7.25,-5.5,-6.0,-2.75,-7.75,-5.0,-5.75
330,-4.5,-1.0,-1.25,-7.25,-5.5,-6.0,-2.75,-7.75,-5.0,-5.75
331,-4.5,-1.0,-1.25,-7.25,-5.5,-6.0,-2.75,-7.75,-5.0,-5.75
332,-4.5,-1.0,-1.25,-7.25,-5.5,-6.0,-2.75,-7.75,-5.0,-5.75
333,-4.5,-1.0,-1.25,-7.25,-5.5,-6.0,-2.75,-7.75,-5.0,-5.75
334,-4.5,-1.0,-1.25,-7.25,-5.5,-6.0,-2.75,-7.75,-5.0,-5.75
335,-4.5,-1.0,-1.25,-7.25,-5.5,-6.0,-2.75,-7.75,-5.0,-5.75
336,-4.5,-1.0,-1.25,-7.25,-5.5,-6.0,-2.75,-7.75,-5.0,-5.75
337,-4.5,-1.0,-1.25,-7.25,-5.5,-6.0,-2.75,-7.75,-5.0,-5.75
338,-4.5,-1.0,-1.25,-7.25,-5.5,-6.0,-2.75,-7.75,-5.0,-5.75
339,-4.5,-1.0,-1.25,-7.25,-5.5,-6.0,-2.75,-7.75,-5.0,-5.75
340,-4.5,-1.0,-1.25,-7.25,-5.5,-6.0,-2.75,-7.75,-5.0,-5.75
341,-4.5,-1.0,-1.25,-7.25,-5.5,-6.0,-2.75,-7.75,-5.0,-5.75
342,-4.5,-1.0,-1.25,-7.25,-5.5,-6.0,-2.75,-7.75,-5.0,-5.75
343,-4.5,-1.0,-1.25,-7.25,-5.5,-6.0,-2.75,-7.75,-5.0,-5.75
344,-4.5,-1.0,-1.25,-7.25,-5.5,-6.0,-2.75,-7.75,-5.0,-5.75
345,-4.5,-1.0,-1.25,-7.25,-5.5,-6.0,-2.75,-7.75,-5.0,-5.75
346,-4.5,-1.0,-1.25,-7.25,-5.5,-6.0,-2.75,-7.75,-5.0,-5.75
347,-4.5,-1.0,-1.25,-7.25,-5.5,-6.0,-2.75,-7.75,-5.0,-5.75
348,-4.5,-1.0,-1.25,-7.25,-5.5,-6.0,-2.75,-7.75,-5.0,-5.75
349,-4.5,-1.0,-1.25,-7.25,-5.5,-6.0,-2.75,-7.75,-5.0,-5.75
350,-4.5,-1.0,-1.25,-7.25,-5.5,-6.0,-2.75,-7.75,-5.0,-5.75
351,-4.5,-1.0,-1.25,-7.25,-5.5,-6.0,-2.75,-7.75,-5.0,-5.75
352,-4.5,-1.0,-1.25,-7.25,-5.5,-6.0,-2.75,-7.75,-5.0,-5.75
353,-4.5,-1.0,-1.25,-7.25,-5.5,-6.0,-2.75,-7.75,-5.0,-5.75
354,-4.5,-1.0,-1.25,-7.25,-5.5,-6.0,-2.75,-7.75,-5.0,-5.75
355,-4.5,-1.0,-1.25,-7.25,-5.5,-6.0,-2.75,-7.75,-5.0,-5.75
356,-4.5,-1.0,-1.25,-7.25,-5.5,-6.0,-2.75,-7.75,-5.0,-5.75
357,-4.5,-1.0,-1.25,-7.25,-5.5,-6.0,-2.75,-7.75,-5.0,-5.75
358,-4.5,-1.0,-1.25,-7.25,-5.5,-6.0,-2.75,-7.75,-5.0,-5.75
359,-4.5,-1.0,-1.25,-7.25,-5.5,-6.0,-2.75,-7.75,-5.0,-5.75
360,-4.5,-1.0,-1.25,-7.25,-5.5,-6.0,-2.75,-7.75,-5.0,-5.75
361,-4.5,-1.0,-1.25,-7.25,-5.5,-6.0,-2.75,-7.75,-5.0,-5.75
362,-4.5,-1.0,-1.25,-7.25,-5.5,-6.0,-2.75,-7.75,-5.0,-5.75
363,-4.5,-1.0,-1.25,-7.25,-5.5,-6.0,-2.75,-7.75,-5.0,-5.75
364,-4.5,-1.0,-1.25,-7.25,-5.5,-6.0,-2.75,-7.75,-5.0,-5.75
365,-4.5,-1.0,-1.25,-7.25,-5.5,-6.0,-2.75,-7.75,-5.0,-5.75
366,-4.5,-1.0,-1.25,-7.25,-5.5,-6.0,-2.75,-7.75,-5.0,-5.75
367,-4.5,-1.0,-1.25,-7.25,-5.5,-6.0,-2.75,-7.75,-5.0,-5.75
368,-4.5,-1.0,-1.25,-7.25,-5.5,-6.0,-2.75,-7.75,-5.0,-5.75
369,-4.5,-1.0,-1.25,-7.25,-5.5,-6.0,-2.75,-7.75,-5.0,-5.75
370,-4.5,-1.0,-1.25,-7.25,-5.5,-6.0,-2.75,-7.75,-5.0,-5.75
371,-4.5,-1.0,-1.25,-7.25,-5.5,-6.0,-2.75,-7.75,-5.0,-5.75
372,-4.5,-1.0,-1.25,-7.25,-5.5,-6.0,-2.75,-7.75,-5.0,-5.75
373,-4.5,-1.0,-1.25,-7.25,-5.5,-6.0,-2.75,-7.75,-5.0,-5.75
374,-4.5,-1.0,-1.25,-7.25,-5.5,-6.0,-2.75,-7.75,-5.0,-5.75
375,-4.5,-1.0,-1.25,-7.25,-5.5,-6.0,-2.75,-7.75,-5.0,-5.75
376,-4.5,-1.0,-1.25,-7.25,-5.5,-6.0,-2.75,-7.75,-5.0,-5.75
377,-4.5,-1.0,-1.25,-7.25,-5.5,-6.0,-2.75,-7.75,-5.0,-5.75
378,-4.5,-1.0,-1.25,-7.25,-5.5,-6.0,-2.75,-7.75,-5.0,-5.75
379,-4.5,-1.0,-1.25,-7.25,-5.5,-6.0,-2.75,-7.75,-5.0,-5.75
380,-4.5,-1.0,-1.25,-7.25,-5.5,-6.0,-2.75,-7.75,-5.0,-5.75
381,-4.5,-1.0,-1.25,-7.25,-5.5,-6.0,-2.75,-7.75,-5.0,-5.75
382,-4.5,-1.0,-1.25,-7.25,-5.5,-6.0,-2.75,-7.75,-5.0,-5.75
383,-4.5,-1.0,-1.25,-7.25,-5.5,-6.0,-2.75,-7.75,-5.0,-5.75
384,-4.5,-1.0,-1.25,-7.25,-5.5,-6.0,-2.75,-7.75,-5.0,-5.75
385,-4.5,-1.0,-1.25,-7.25,-5.5,-6.0,-2.75,-7.75,-5.0,-5.75
386,-4.5,-1.0,-1.25,-7.25,-5.5,-6.0,-2.75,-7.75,-5.0,-5.75
387,-4.5,-1.0,-1.25,-7.25,-5.5,-6.0,-2.75,-7.75,-5.0,-5.75
388,-4.5,-1.0,-1.25,-7.25,-5.5,-6.0,-2.75,-7.75,-5.0,-5.75
389,-4.5,-1.0,-1.25,-7.25,-5.5,-6.0,-2.75,-7.75,-5.0,-5.75
390,-4.5,-1.0,-1.25,-7.25,-5.5,-6.0,-2.75,-7.75,-5.0,-5.75
391,-4.5,-1.0,-1.25,-7.25,-5.5,-6.0,-2.75,-7.75,-5.0,-5.75
392,-4.5,-1.0,-1.25,-7.25,-5.5,-6.0,-2.75,-7.75,-5.0,-5.75
393,-4.5,-1.0,-1.25,-7.25,-5.5,-6.0,-2.75,-7.75,-5.0,-5.75
394,-4.5,-1.0,-1.25,-7.25,-5.5,-6.0,-2.75,-7.75,-5.0,-5.75
395,-4.5,-1.0,-1.25,-7.25,-5.5,-6.0,-2.75,-7.75,-5.0,-5.75
396,-4.5,-1.0,-1.25,-7.25,-5.5,-6.0,-2.75,-7.75,-5.0,-5.75
397,-4.5,-1.0,-1.25,-7.25,-5.5,-6.0,-2.75,-7.75,-5.0,-5.75
398,-4.5,-1.0,-1.25,-7.25,-5.5,-6.0,-2.75,-7.75,-5.0,-5.75
399,-4.5,-1.0,-1.25,-7.25,-5.5,-6.0,-2.75,-7.75,-5.0,-5.75
400,-4.5,-1.0,-1.25,-7.25,-5.5,-6.0,-2.75,-7.75,-5.0,-5.75
401,-4.5,-1.0,-1.25,-7.25,-5.5,-6.0,-2.75,-7.75,-5.0,-5.75
402,-4.5,-1.0,-1.25,-7.25,-5.5,-6.0,-2.75,-7.75,-5.0,-5.75
403,-4.5,-1.0,-1.25,-7.25,-5.5,-6.0,-2.75,-7.75,-5.0,-5.75
404,-4.5,-1.0,-1.25,-7.25,-5.5,-6.0,-2.75,-7.75,-5.0,-5.75
405,-4.5,-1.0,-1.25,-7.25,-5.5,-6.0,-2.75,-7.75,-5.0,-5.75
406,-4.5,-1.0,-1.25,-7.25,-5.5,-6.0,-2.75,-7.75,-5.0,-5.75
407,-4.5,-1.0,-1.25,-7.25,-5.5,-6.0,-2.75,-7.75,-5.0,-5.75
408,-4.5,-1.0,-1.25,-7.25,-5.5,-6.0,-2.75,-7.75,-5.0,-5.75
409,-4.5,-1.0,-1.25,-7.25,-5.5,-6.0,-2.75,-7.75,-5.0,-5.75
410,-4.5,-1.0,-1.25,-7.25,-5.5,-6.0,-2.75,-7.75,-5.0,-5.75
411,-4.5,-1.0,-1.25,-7.25,-5.5,-6.0,-2.75,-7.75,-5.0,-5.75
412,-4.5,-1.0,-1.25,-7.25,-5.5,-6.0,-2.75,-7.75,-5.0,-5.75
413,-4.5,-1.0,-1.25,-7.25,-5.5,-6.0,-2.75,-7.75,-5.0,-5.75
414,-4.5,-1.0,-1.25,-7.25,-5.5,-6.0,-2.75,-7.75,-5.0,-5.75
415,-4.5,-1.0,-1.25,-7.25,-5.5,-6.0,-2.75,-7.75,-5.0,-5.75
416,-4.5,-1.0,-1.25,-7.25,-5.5,-6.0,-2.75,-7.75,-5.0,-5.75
417,-4.5,-1.0,-1.25,-7.25,-5.5,-6.0,-2.75,-7.75,-5.0,-5.75
418,-4.5,-1.0,-1.25,-7.25,-5.5,-6.0,-2.75,-7.75,-5.0,-5.75
419,-4.5,-1.0,-1.25,-7.25,-5.5,-6.0,-2.75,-7.75,-5.0,-5.75
420,-4.5,-1.0,-1.25,-7.25,-5.5,-6.0,-2.75,-7.75,-5.0,-5.75
421,-4.5,-1.0,-1.25,-7.25,-5.5,-6.0,-2.75,-7.75,-5.0,-5.75
422,-4.5,-1.0,-1.25,-7.25,-5.5,-6.0,-2.75,-7.75,-5.0,-5.75
423,-4.5,-1.0,-1.25,-7.25,-5.5,-6.0,-2.75,-7.75,-5.0,-5.75
424,-4.5,-1.0,-1.25,-7.25,-5.5,-6.0,-2.75,-7.75,-5.0,-5.75
425,-4.5,-1.0,-1.25,-7.25,-5.5,-6.0,-2.75,-7.75,-5.0,-5.75
426,-4.5,-1.0,-1.25,-7.25,-5.5,-6.0,-2.75,-7.75,-5.0,-5.75
427,-4.5,-1.0,-1.25,-7.25,-5.5,-6.0,-2.75,-7.75,-5.0,-5.75
428,-4.5,-1.0,-1.25,-7.25,-5.5,-6.0,-2.75,-7.75,-5.0,-5.75
429,-4.5,-1.0,-1.25,-7.25,-5.5,-6.0,-2.75,-7.75,-5.0,-5.75
430,-4.5,-1.0,-1.25,-7.25,-5.5,-6.0,-2.75,-7.75,-5.0,-5.75
431,-4.5,-1.0,-1.25,-7.25,-5.5,-6.0,-2.75,-7.75,-5.0,-5.75
432,-4.5,-1.0,-1.25,-7.25,-5.5,-6.0,-2.75,-7.75,-5.0,-5.75
433,-4.5,-1.0,-1.25,-7.25,-5.5,-6.0,-2.75,-7.75,-5.0,-5.75
434,-4.5,-1.0,-1.25,-7.25,-5.5,-6.0,-2.75,-7.75,-5.0,-5.75
435,-4.5,-1.0,-1.25,-7.25,-5.5,-6.0,-2.75,-7.75,-5.0,-5.75
436,-4.5,-1.0,-1.25,-7.25,-5.5,-6.0,-2.75,-7.75,-5.0,-5.75
437,-4.5,-1.0,-1.25,-7.25,-5.5,-6.0,-2.75,-7.75,-5.0,-5.75
438,-4.5,-1.0,-1.25,-7.25,-5.5,-6.0,-2.75,-7.75,-5.0,-5.75
439,-4.5,-1.0,-1.25,-7.25,-5.5,-6.0,-2.75,-7.75,-5.0,-5.75
440,-4.5,-1.0,-1.25,-7.25,-5.5,-6.0,-2.75,-7.75,-5.0,-5.75
441,-4.5,-1.0,-1.25,-7.25,-5.5,-6.0,-2.75,-7.75,-5.0,-5.75
442,-4.5,-1.0,-1.25,-7.25,-5.5,-6.0,-2.75,-7.75,-5.0,-5.75
443,-4.5,-1.0,-1.25,-7.25,-5.5,-6.0,-2.75,-7.75,-5.0,-5.75
444,-4.5,-1.0,-1.25,-7.25,-5.5,-6.0,-2.75,-7.75,-5.0,-5.75
445,-4.5,-1.0,-1.25,-7.25,-5.5,-6.0,-2.75,-7.75,-5.0,-5.75
446,-4.5,-1.0,-1.25,-7.25,-5.5,-6.0,-2.75,-7.75,-5.0,-5.75
447,-4.5,-1.0,-1.25,-7.25,-5.5,-6.0,-2.75,-7.75,-5.0,-5.75
448,-4.5,-1.0,-1.25,-7.25,-5.5,-6.0,-2.75,-7.75,-5.0,-5.75
449,-4.5,-1.0,-1.25,-7.25,-5.5,-6.0,-2.75,-7.75,-5.0,-5.75
450,-4.5,-1.0,-1.25,-7.25,-5.5,-6.0,-2.75,-7.75,-5.0,-5.75
451,-4.5,-1.0,-1.25,-7.25,-5.5,-6.0,-2.75,-7.75,-5.0,-5.75
452,-4.5,-1.0,-1.25,-7.25,-5.5,-6.0,-2.75,-7.75,-5.0,-5.75
453,-4.5,-1.0,-1.25,-7.25,-5.5,-6.0,-2.75,-7.75,-5.0,-5.75
454,-4.5,-1.0,-1.25,-7.25,-5.5,-6.0,-2.75,-7.75,-5.0,-5.75
455,-4.5,-1.0,-1.25,-7.25,-5.5,-6.0,-2.75,-7.75,-5.0,-5.75
456,-4.5,-1.0,-1.25,-7.25,-5.5,-6.0,-2.75,-7.75,-5.0,-5.75
457,-4.5,-1.0,-1.25,-7.25,-5.5,-6.0,-2.75,-7.75,-5.0,-5.75
458,-4.5,-1.0,-1.25,-7.25,-5.5,-6.0,-2.75,-7.75,-5.0,-5.75
459,-4.5,-1.0,-1.25,-7.25,-5.5,-6.0,-2.75,-7.75,-5.0,-5.75
460,-4.5,-1.0,-1.25,-7.25,-5.5,-6.0,-2.75,-7.75,-5.0,-5.75
461,-4.5,-1.0,-1.25,-7.25,-5.5,-6.0,-2.75,-7.75,-5.0,-5.75
462,-4.5,-1.0,-1.25,-7.25,-5.5,-6.0,-2.75,-7.75,-5.0,-5.75
463,-4.5,-1.0,-1.25,-7.25,-5.5,-6.0,-2.75,-7.75,-5.0,-5.75
464,-4.5,-1.0,-1.25,-7.25,-5.5,-6.0,-2.75,-7.75,-5.0,-5.75
465,-4.5,-1.0,-1.25,-7.25,-5.5,-6.0,-2.75,-7.75,-5.0,-5.75
466,-4.5,-1.0,-1.25,-7.25,-5.5,-6.0,-2.75,-7.75,-5.0,-5.75
467,-4.5,-1.0,-1.25,-7.25,-5.5,-6.0,-2.75,-7.75,-5.0,-5.75
468,-4.5,-1.0,-1.25,-7.25,-5.5,-6.0,-2.75,-7.75,-5.0,-5.75
469,-4.5,-1.0,-1.25,-7.25,-5.5,-6.0,-2.75,-7.75,-5.0,-5.75
470,-4.5,-1.0,-1.25,-7.25,-5.5,-6.0,-2.75,-7.75,-5.0,-5.75
471,-4.5,-1.0,-1.25,-7.25,-5.5,-6.0,-2.75,-7.75,-5.0,-5.75
472,-4.5,-1.0,-1.25,-7.25,-5.5,-6.0,-2.75,-7.75,-5.0,-5.75
473,-4.5,-1.0,-1.25,-7.25,-5.5,-6.0,-2.75,-7.75,-5.0,-5.75
474,-4.5,-1.0,-1.25,-7.25,-5.5,-6.0,-2.75,-7.75,-5.0,-5.75
475,-4.5,-1.0,-1.25,-7.25,-5.5,-6.0,-2.75,-7.75,-5.0,-5.75
476,-4.5,-1.0,-1.25,-7.25,-5.5,-6.0,-2.75,-7.75,-5.0,-5.75
477,-4.5,-1.0,-1.25,-7.25,-5.5,-6.0,-2.75,-7.75,-5.0,-5.75
478,-4.5,-1.0,-1.25,-7.25,-5.5,-6.0,-2.75,-7.75,-5.0,-5.75
479,-4.5,-1.0,-1.25,-7.25,-5.5,-6.0,-2.75,-7.75,-5.0,-5.75
480,-4.5,-1.0,-1.25,-7.25,-5.5,-6.0,-2.75,-7.75,-5.0,-5.75
481,-4.5,-1.0,-1.25,-7.25,-5.5,-6.0,-2.75,-7.75,-5.0,-5.75
482,-4.5,-1.0,-1.25,-7.25,-5.5,-6.0,-2.75,-7.75,-5.0,-5.75
483,-4.5,-1.0,-1.25,-7.25,-5.5,-6.0,-2.75,-7.75,-5.0,-5.75
484,-4.5,-1.0,-1.25,-7.25,-5.5,-6.0,-2.75,-7.75,-5.0,-5.75
485,-4.5,-1.0,-1.25,-7.25,-5.5,-6.0,-2.75,-7.75,-5.0,-5.75
486,-4.5,-1.0,-1.25,-7.25,-5.5,-6.0,-2.75,-7.75,-5.0,-5.75
487,-4.5,-1.0,-1.25,-7.25,-5.5,-6.0,-2.75,-7.75,-5.0,-5.75
488,-4.5,-1.0,-1.25,-7.25,-5.5,-6.0,-2.75,-7.75,-5.0,-5.75
489,-4.5,-1.0,-1.25,-7.25,-5.5,-6.0,-2.75,-7.75,-5.0,-5.75
490,-4.5,-1.0,-1.25,-7.25,-5.5,-6.0,-2.75,-7.75,-5.0,-5.75
491,-4.5,-1.0,-1.25,-7.25,-5.5,-6.0,-2.75,-7.75,-5.0,-5.75
492,-4.5,-1.0,-1.25,-7.25,-5.5,-6.0,-2.75,-7.75,-5.0,-5.75
493,-4.5,-1.0,-1.25,-7.25,-5.5,-6.0,-2.75,-7.75,-5.0,-5.75
494,-4.5,-1.0,-1.25,-7.25,-5.5,-6.0,-2.75,-7.75,-5.0,-5.75
495,-4.5,-1.0,-1.25,-7.25,-5.5,-6.0,-2.75,-7.75,-5.0,-5.75
496,-4.5,-1.0,-1.25,-7.25,-5.5,-6.0,-2.75,-7.75,-5.0,-5.75
497,-4.5,-1.0,-1.25,-7.25,-5.5,-6.0,-2.75,-7.75,-5.0,-5.75
498,-4.5,-1.0,-1.25,-7.25,-5.5,-6.0,-2.75,-7.75,-5.0,-5.75
499,-4.5,-1.0,-1.25,-7.25,-5.5,-6.0,-2.75,-7.75,-5.0,-5.75
500,-4.5,-1.0,-1.25,-7.25,-5.5,-6.0,-2.75,-7.75,-5.0,-5.75
501,-4.5,-1.0,-1.25,-7.25,-5.5,-6.0,-2.75,-7.75,-5.0,-5.75
502,-4.5,-1.0,-1.25,-7.25,-5.5,-6.0,-2.75,-7.75,-5.0,-5.75
503,-4.5,-1.0,-1.25,-7.25,-5.5,-6.0,-2.75,-7.75,-5.0,-5.75
504,-4.5,-1.0,-1.25,-7.25,-5.5,-6.0,-2.75,-7.75,-5.0,-5.75
505,-4.5,-1.0,-1.25,-7.25,-5.5,-6.0,-2.75,-7.75,-5.0,-5.75
506,-4.5,-1.0,-1.25,-7.25,-5.5,-6.0,-2.75,-7.75,-5.0,-5.75
507,-4.5,-1.0,-1.25,-7.25,-5.5,-6.0,-2.75,-7.75,-5.0,-5.75
508,-4.5,-1.0,-1.25,-7.25,-5.5,-6.0,-2.75,-7.75,-5.0,-5.75
509,-4.5,-1.0,-1.25,-7.25,-5.5,-6.0,-2.75,-7.75,-5.0,-5.75
510,-4.5,-1.0,-1.25,-7.25,-5.5,-6.0,-2.75,-7.75,-5.0,-5.75
511,-4.5,-1.0,-1.25,-7.25,-5.5,-6.0,-2.75,-7.75,-5.0,-5.75
512,-4.5,-1.0,-1.25,-7.25,-5.5,-6.0,-2.75,-7.75,-5.0,-5.75
513,-4.5,-1.0,-1.25,-7.25,-5.5,-6.0,-2.75,-7.75,-5.0,-5.75
514,-4.5,-1.0,-1.25,-7.25,-5.5,-6.0,-2.75,-7.75,-5.0,-5.75
515,-4.5,-1.0,-1.25,-7.25,-5.5,-6.0,-2.75,-7.75,-5.0,-5.75
516,-4.5,-1.0,-1.25,-7.25,-5.5,-6.0,-2.75,-7.75,-5.0,-5.75
517,-4.5,-1.0,-1.25,-7.25,-5.5,-6.0,-2.75,-7.75,-5.0,-5.75
518,-4.5,-1.0,-1.25,-7.25,-5.5,-6.0,-2.75,-7.75,-5.0,-5.75
519,-4.5,-1.0,-1.25,-7.25,-5.5,-6.0,-2.75,-7.75,-5.0,-5.75
520,-4.5,-1.0,-1.25,-7.25,-5.5,-6.0,-2.75,-7.75,-5.0,-5.75
521,-4.5,-1.0,-1.25,-7.25,-5.5,-6.0,-2.75,-7.75,-5.0,-5.75
522,-4.5,-1.0,-1.25,-7.25,-5.5,-6.0,-2.75,-7.75,-5.0,-5.75
523,-4.5,-1.0,-1.25,-7.25,-5.5,-6.0,-2.75,-7.75,-5.0,-5.75
524,-4.5,-1.0,-1.25,-7.25,-5.5,-6.0,-2.75,-7.75,-5.0,-5.75
525,-4.5,-1.0,-1.25,-7.25,-5.5,-6.0,-2.75,-7.75,-5.0,-5.75
526,-4.5,-1.0,-1.25,-7.25,-5.5,-6.0,-2.75,-7.75,-5.0,-5.75
527,-4.5,-1.0,-1.25,-7.25,-5.5,-6.0,-2.75,-7.75,-5.0,-5.75
528,-4.5,-1.0,-1.25,-7.25,-5.5,-6.0,-2.75,-7.75,-5.0,-5.75
529,-4.5,-1.0,-1.25,-7.25,-5.5,-6.0,-2.75,-7.75,-5.0,-5.75
530,-4.5,-1.0,-1.25,-7.25,-5.5,-6.0,-2.75,-7.75,-5.0,-5.75
531,-4.5,-1.0,-1.25,-7.25,-5.5,-6.0,-2.75,-7.75,-5.0,-5.75
532,-4.5,-1.0,-1.25,-7.25,-5.5,-6.0,-2.75,-7.75,-5.0,-5.75
533,-4.5,-1.0,-1.25,-7.25,-5.5,-6.0,-2.75,-7.75,-5.0,-5.75
534,-4.5,-1.0,-1.25,-7.25,-5.5,-6.0,-2.75,-7.75,-5.0,-5.75
535,-4.5,-1.0,-1.25,-7.25,-5.5,-6.0,-2.75,-7.75,-5.0,-5.75
536,-4.5,-1.0,-1.25,-7.25,-5.5,-6.0,-2.75,-7.75,-5.0,-5.75
537,-4.5,-1.0,-1.25,-7.25,-5.5,-6.0,-2.75,-7.75,-5.0,-5.75
538,-4.5,-1.0,-1.25,-7.25,-5.5,-6.0,-2.75,-7.75,-5.0,-5.75
539,-4.5,-1.0,-1.25,-7.25,-5.5,-6.0,-2.75,-7.75,-5.0,-5.75
540,-4.5,-1.0,-1.25,-7.25,-5.5,-6.0,-2.75,-7.75,-5.0,-5.75
541,-4.5,-1.0,-1.25,-7.25,-5.5,-6.0,-2.75,-7.75,-5.0,-5.75
542,-4.5,-1.0,-1.25,-7.25,-5.5,-6.0,-2.75,-7.75,-5.0,-5.75
543,-4.5,-1.0,-1.25,-7.25,-5.5,-6.0,-2.75,-7.75,-5.0,-5.75
544,-4.5,-1.0,-1.25,-7.25,-5.5,-6.0,-2.75,-7.75,-5.0,-5.75
545,-4.5,-1.0,-1.25,-7.25,-5.5,-6.0,-2.75,-7.75,-5.0,-5.75
546,-4.5,-1.0,-1.25,-7.25,-5.5,-6.0,-2.75,-7.75,-5.0,-5.75
547,-4.5,-1.0,-1.25,-7.25,-5.5,-6.0,-2.75,-7.75,-5.0,-5.75
548,-4.5,-1.0,-1.25,-7.25,-5.5,-6.0,-2.75,-7.75,-5.0,-5.75
549,-4.5,-1.0,-1.25,-7.25,-5.5,-6.0,-2.75,-7.75,-5.0,-5.75
550,-4.5,-1.0,-1.25,-7.25,-5.5,-6.0,-2.75,-7.75,-5.0,-5.75
551,-4.5,-1.0,-1.25,-7.25,-5.5,-6.0,-2.75,-7.75,-5.0,-5.75
552,-4.5,-1.0,-1.25,-7.25,-5.5,-6.0,-2.75,-7.75,-5.0,-5.75
553,-4.5,-1.0,-1.25,-7.25,-5.5,-6.0,-2.75,-7.75,-5.0,-5.75
554,-4.5,-1.0,-1.25,-7.25,-5.5,-6.0,-2.75,-7.75,-5.0,-5.75
555,-4.5,-1.0,-1.25,-7.25,-5.5,-6.0,-2.75,-7.75,-5.0,-5.75
556,-4.5,-1.0,-1.25,-7.25,-5.5,-6.0,-2.75,-7.75,-5.0,-5.75
557,-4.5,-1.0,-1.25,-7.25,-5.5,-6.0,-2.75,-7.75,-5.0,-5.75
558,-4.5,-1.0,-1.25,-7.25,-5.5,-6.0,-2.75,-7.75,-5.0,-5.75
559,-4.5,-1.0,-1.25,-7.25,-5.5,-6.0,-2.75,-7.75,-5.0,-5.75
560,-4.5,-1.0,-1.25,-7.25,-5.5,-6.0,-2.75,-7.75,-5.0,-5.75
561,-4.5,-1.0,-1.25,-7.25,-5.5,-6.0,-2.75,-7.75,-5.0,-5.75
562,-4.5,-1.0,-1.25,-7.25,-5.5,-6.0,-2.75,-7.75,-5.0,-5.75
563,-4.5,-1.0,-1.25,-7.25,-5.5,-6.0,-2.75,-7.75,-5.0,-5.75
564,-4.5,-1.0,-1.25,-7.25,-5.5,-6.0,-2.75,-7.75,-5.0,-5.75
565,-4.5,-1.0,-1.25,-7.25,-5.5,-6.0,-2.75,-7.75,-5.0,-5.75
566,-4.5,-1.0,-1.25,-7.25,-5.5,-6.0,-2.75,-7.75,-5.0,-5.75
567,-4.5,-1.0,-1.25,-7.25,-5.5,-6.0,-2.75,-7.75,-5.0,-5.75
568,-4.5,-1.0,-1.25,-7.25,-5.5,-6.0,-2.75,-7.75,-5.0,-5.75
569,-4.5,-1.0,-1.25,-7.25,-5.5,-6.0,-2.75,-7.75,-5.0,-5.75
570,-4.5,-1.0,-1.25,-7.25,-5.5,-6.0,-2.75,-7.75,-5.0,-5.75
571,-4.5,-1.0,-1.25,-7.25,-5.5,-6.0,-2.75,-7.75,-5.0,-5.75
572,-4.5,-1.0,-1.25,-7.25,-5.5,-6.0,-2.75,-7.75,-5.0,-5.75
573,-4.5,-1.0,-1.25,-7.25,-5.5,-6.0,-2.75,-7.75,-5.0,-5.75
574,-4.5,-1.0,-1.25,-7.25,-5.5,-6.0,-2.75,-7.75,-5.0,-5.75
575,-4.5,-1.0,-1.25,-7.25,-5.5,-6.0,-2.75,-7.75,-5.0,-5.75
576,-4.5,-1.0,-1.25,-7.25,-5.5,-6.0,-2.75,-7.75,-5.0,-5.75
577,-4.5,-1.0,-1.25,-7.25,-5.5,-6.0,-2.75,-7.75,-5.0,-5.75
578,-4.5,-1.0,-1.25,-7.25,-5.5,-6.0,-2.75,-7.75,-5.0,-5.75
579,-4.5,-1.0,-1.25,-7.25,-5.5,-6.0,-2.75,-7.75,-5.0,-5.75
580,-4.5,-1.0,-1.25,-7.25,-5.5,-6.0,-2.75,-7.75,-5.0,-5.75
581,-4.5,-1.0,-1.25,-7.25,-5.5,-6.0,-2.75,-7.75,-5.0,-5.75
582,-4.5,-1.0,-1.25,-7.25,-5.5,-6.0,-2.75,-7.75,-5.0,-5.75
583,-4.5,-1.0,-1.25,-7.25,-5.5,-6.0,-2.75,-7.75,-5.0,-5.75
584,-4.5,-1.0,-1.25,-7.25,-5.5,-6.0,-2.75,-7.75,-5.0,-5.75
585,-4.5,-1.0,-1.25,-7.25,-5.5,-6.0,-2.75,-7.75,-5.0,-5.75
586,-4.5,-1.0,-1.25,-7.25,-5.5,-6.0,-2.75,-7.75,-5.0,-5.75
587,-4.5,-1.0,-1.25,-7.25,-5.5,-6.0,-2.75,-7.75,-5.0,-5.75
588,-4.5,-1.0,-1.25,-7.25,-5.5,-6.0,-2.75,-7.75,-5.0,-5.75
589,-4.5,-1.0,-1.25,-7.25,-5.5,-6.0,-2.75,-7.75,-5.0,-5.75
590,-4.5,-1.0,-1.25,-7.25,-5.5,-6.0,-2.75,-7.75,-5.0,-5.75
591,-4.5,-1.0,-1.25,-7.25,-5.5,-6.0,-2.75,-7.75,-5.0,-5.75
592,-4.5,-1.0,-1.25,-7.25,-5.5,-6.0,-2.75,-7.75,-5.0,-5.75
593,-4.5,-1.0,-1.25,-7.25,-5.5,-6.0,-2.75,-7.75,-5.0,-5.75
594,-4.5,-1.0,-1.25,-7.25,-5.5,-6.0,-2.75,-7.75,-5.0,-5.75
595,-4.5,-1.0,-1.25,-7.25,-5.5,-6.0,-2.75,-7.75,-5.0,-5.75
596,-4.5,-1.0,-1.25,-7.25,-5.5,-6.0,-2.75,-7.75,-5.0,-5.75
597,-4.5,-1.0,-1.25,-7.25,-5.5,-6.0,-2.75,-7.75,-5.0,-5.75
598,-4.5,-1.0,-1.25,-7.25,-5.5,-6.0,-2.75,-7.75,-5.0,-5.75
599,-4.5,-1.0,-1.25,-7.25,-5.5,-6.0,-2.75,-7.75,-5.0,-5.75
600,-4.5,-1.0,-1.25,-7.25,-5.5,-6.0,-2.75,-7.75,-5.0,-5.75
601,-4.5,-1.0,-1.25,-7.25,-5.5,-6.0,-2.75,-7.75,-5.0,-5.75
602,-4.5,-1.0,-1.25,-7.25,-5.5,-6.0,-2.75,-7.75,-5.0,-5.75
603,-4.5,-1.0,-1.25,-7.25,-5.5,-6.0,-2.75,-7.75,-5.0,-5.75
604,-4.5,-1.0,-1.25,-7.25,-5.5,-6.0,-2.75,-7.75,-5.0,-5.75
605,-4.5,-1.0,-1.25,-7.25,-5.5,-6.0,-2.75,-7.75,-5.0,-5.75
606,-4.5,-1.0,-1.25,-7.25,-5.5,-6.0,-2.75,-7.75,-5.0,-5.75
607,-4.5,-1.0,-1.25,-7.25,-5.5,-6.0,-2.75,-7.75,-5.0,-5.75
608,-4.5,-1.0,-1.25,-7.25,-5.5,-6.0,-2.75,-7.75,-5.0,-5.75
609,-4.5,-1.0,-1.25,-7.25,-5.5,-6.0,-2.75,-7.75,-5.0,-5.75
610,-4.5,-1.0,-1.25,-7.25,-5.5,-6.0,-2.75,-7.75,-5.0,-5.75
611,-4.5,-1.0,-1.25,-7.25,-5.5,-6.0,-2.75,-7.75,-5.0,-5.75
612,-4.5,-1.0,-1.25,-7.25,-5.5,-6.0,-2.75,-7.75,-5.0,-5.75
613,-4.5,-1.0,-1.25,-7.25,-5.5,-6.0,-2.75,-7.75,-5.0,-5.75
614,-4.5,-1.0,-1.25,-7.25,-5.5,-6.0,-2.75,-7.75,-5.0,-5.75
615,-4.5,-1.0,-1.25,-7.25,-5.5,-6.0,-2.75,-7.75,-5.0,-5.75
616,-4.5,-1.0,-1.25,-7.25,-5.5,-6.0,-2.75,-7.75,-5.0,-5.75
617,-4.5,-1.0,-1.25,-7.25,-5.5,-6.0,-2.75,-7.75,-5.0,-5.75
618,-4.5,-1.0,-1.25,-7.25,-5.5,-6.0,-2.75,-7.75,-5.0,-5.75
619,-4.5,-1.0,-1.25,-7.25,-5.5,-6.0,-2.75,-7.75,-5.0,-5.75
620,-4.5,-1.0,-1.25,-7.25,-5.5,-6.0,-2.75,-7.75,-5.0,-5.75
621,-4.5,-1.0,-1.25,-7.25,-5.5,-6.0,-2.75,-7.75,-5.0,-5.75
622,-4.5,-1.0,-1.25,-7.25,-5.5,-6.0,-2.75,-7.75,-5.0,-5.75
623,-4.5,-1.0,-1.25,-7.25,-5.5,-6.0,-2.75,-7.75,-5.0,-5.75
624,-4.5,-1.0,-1.25,-7.25,-5.5,-6.0,-2.75,-7.75,-5.0,-5.75
625,-4.5,-1.0,-1.25,-7.25,-5.5,-6.0,-2.75,-7.75,-5.0,-5.75
626,-4.5,-1.0,-1.25,-7.25,-5.5,-6.0,-2.75,-7.75,-5.0,-5.75
627,-4.5,-1.0,-1.25,-7.25,-5.5,-6.0,-2.75,-7.75,-5.0,-5.75
628,-4.5,-1.0,-1.25,-7.25,-5.5,-6.0,-2.75,-7.75,-5.0,-5.75
629,-4.5,-1.0,-1.25,-7.25,-5.5,-6.0,-2.75,-7.75,-5.0,-5.75
630,-4.5,-1.0,-1.25,-7.25,-5.5,-6.0,-2.75,-7.75,-5.0,-5.75
631,-4.5,-1.0,-1.25,-7.25,-5.5,-6.0,-2.75,-7.75,-5.0,-5.75
632,-4.5,-1.0,-1.25,-7.25,-5.5,-6.0,-2.75,-7.75,-5.0,-5.75
633,-4.5,-1.0,-1.25,-7.25,-5.5,-6.0,-2.75,-7.75,-5.0,-5.75
634,-4.5,-1.0,-1.25,-7.25,-5.5,-6.0,-2.75,-7.75,-5.0,-5.75
635,-4.5,-1.0,-1.25,-7.25,-5.5,-6.0,-2.75,-7.75,-5.0,-5.75
636,-4.5,-1.0,-1.25,-7.25,-5.5,-6.0,-2.75,-7.75,-5.0,-5.75
637,-4.5,-1.0,-1.25,-7.25,-5.5,-6.0,-2.75,-7.75,-5.0,-5.75
638,-4.5,-1.0,-1.25,-7.25,-5.5,-6.0,-2.75,-7.75,-5.0,-5.75
639,-4.5,-1.0,-1.25,-7.25,-5.5,-6.0,-2.75,-7.75,-5.0,-5.75
640,-4.5,-1.0,-1.25,-7.25,-5.5,-6.0,-2.75,-7.75,-5.0,-5.75
641,-4.5,-1.0,-1.25,-7.25,-5.5,-6.0,-2.75,-7.75,-5.0,-5.75
642,-4.5,-1.0,-1.25,-7.25,-5.5,-6.0,-2.75,-7.75,-5.0,-5.75
643,-4.5,-1.0,-1.25,-7.25,-5.5,-6.0,-2.75,-7.75,-5.0,-5.75
644,-4.5,-1.0,-1.25,-7.25,-5.5,-6.0,-2.75,-7.75,-5.0,-5.75
645,-4.5,-1.0,-1.25,-7.25,-5.5,-6.0,-2.75,-7.75,-5.0,-5.75
646,-4.5,-1.0,-1.25,-7.25,-5.5,-6.0,-2.75,-7.75,-5.0,-5.75
647,-4.5,-1.0,-1.25,-7.25,-5.5,-6.0,-2.75,-7.75,-5.0,-5.75
648,-4.5,-1.0,-1.25,-7.25,-5.5,-6.0,-2.75,-7.75,-5.0,-5.75
649,-4.5,-1.0,-1.25,-7.25,-5.5,-6.0,-2.75,-7.75,-5.0,-5.75
650,-4.5,-1.0,-1.25,-7.25,-5.5,-6.0,-2.75,-7.75,-5.0,-5.75
651,-4.5,-1.0,-1.25,-7.25,-5.5,-6.0,-2.75,-7.75,-5.0,-5.75
652,-4.5,-1.0,-1.25,-7.25,-5.5,-6.0,-2.75,-7.75,-5.0,-5.75
653,-4.5,-1.0,-1.25,-7.25,-5.5,-6.0,-2.75,-7.75,-5.0,-5.75
654,-4.5,-1.0,-1.25,-7.25,-5.5,-6.0,-2.75,-7.75,-5.0,-5.75
655,-4.5,-1.0,-1.25,-7.25,-5.5,-6.0,-2.75,-7.75,-5.0,-5.75
656,-4.5,-1.0,-1.25,-7.25,-5.5,-6.0,-2.75,-7.75,-5.0,-5.75
657,-4.5,-1.0,-1.25,-7.25,-5.5,-6.0,-2.75,-7.75,-5.0,-5.75
658,-4.5,-1.0,-1.25,-7.25,-5.5,-6.0,-2.75,-7.75,-5.0,-5.75
659,-4.5,-1.0,-1.25,-7.25,-5.5,-6.0,-2.75,-7.75,-5.0,-5.75
660,-4.5,-1.0,-1.25,-7.25,-5.5,-6.0,-2.75,-7.75,-5.0,-5.75
661,-4.5,-1.0,-1.25,-7.25,-5.5,-6.0,-2.75,-7.75,-5.0,-5.75
662,-4.5,-1.0,-1.25,-7.25,-5.5,-6.0,-2.75,-7.75,-5.0,-5.75
663,-4.5,-1.0,-1.25,-7.25,-5.5,-6.0,-2.75,-7.75,-5.0,-5.75
664,-4.5,-1.0,-1.25,-7.25,-5.5,-6.0,-2.75,-7.75,-5.0,-5.75
665,-4.5,-1.0,-1.25,-7.25,-5.5,-6.0,-2.75,-7.75,-5.0,-5.75
666,-4.5,-1.0,-1.25,-7.25,-5.5,-6.0,-2.75,-7.75,-5.0,-5.75
667,-4.5,-1.0,-1.25,-7.25,-5.5,-6.0,-2.75,-7.75,-5.0,-5.75
668,-4.5,-1.0,-1.25,-7.25,-5.5,-6.0,-2.75,-7.75,-5.0,-5.75
669,-4.5,-1.0,-1.25,-7.25,-5.5,-6.0,-2.75,-7.75,-5.0,-5.75
670,-4.5,-1.0,-1.25,-7.25,-5.5,-6.0,-2.75,-7.75,-5.0,-5.75
671,-4.5,-1.0,-1.25,-7.25,-5.5,-6.0,-2.75,-7.75,-5.0,-5.75
672,-4.5,-1.0,-1.25,-7.25,-5.5,-6.0,-2.75,-7.75,-5.0,-5.75
673,-4.5,-1.0,-1.25,-7.25,-5.5,-6.0,-2.75,-7.75,-5.0,-5.75
674,-4.5,-1.0,-1.25,-7.25,-5.5,-6.0,-2.75,-7.75,-5.0,-5.75
675,-4.5,-1.0,-1.25,-7.25,-5.5,-6.0,-2.75,-7.75,-5.0,-5.75
676,-4.5,-1.0,-1.25,-7.25,-5.5,-6.0,-2.75,-7.75,-5.0,-5.75
677,-4.5,-1.0,-1.25,-7.25,-5.5,-6.0,-2.75,-7.75,-5.0,-5.75
678,-4.5,-1.0,-1.25,-7.25,-5.5,-6.0,-2.75,-7.75,-5.0,-5.75
679,-4.5,-1.0,-1.25,-7.25,-5.5,-6.0,-2.75,-7.75,-5.0,-5.75
680,-4.5,-1.0,-1.25,-7.25,-5.5,-6.0,-2.75,-7.75,-5.0,-5.75
681,-4.5,-1.0,-1.25,-7.25,-5.5,-6.0,-2.75,-7.75,-5.0,-5.75
682,-4.5,-1.0,-1.25,-7.25,-5.5,-6.0,-2.75,-7.75,-5.0,-5.75
683,-4.5,-1.0,-1.25,-7.25,-5.5,-6.0,-2.75,-7.75,-5.0,-5.75
684,-4.5,-1.0,-1.25,-7.25,-5.5,-6.0,-2.75,-7.75,-5.0,-5.75
685,-4.5,-1.0,-1.25,-7.25,-5.5,-6.0,-2.75,-7.75,-5.0,-5.75
686,-4.5,-1.0,-1.25,-7.25,-5.5,-6.0,-2.75,-7.75,-5.0,-5.75
687,-4.5,-1.0,-1.25,-7.25,-5.5,-6.0,-2.75,-7.75,-5.0,-5.75
688,-4.5,-1.0,-1.25,-7.25,-5.5,-6.0,-2.75,-7.75,-5.0,-5.75
689,-4.5,-1.0,-1.25,-7.25,-5.5,-6.0,-2.75,-7.75,-5.0,-5.75
690,-4.5,-1.0,-1.25,-7.25,-5.5,-6.0,-2.75,-7.75,-5.0,-5.75
691,-4.5,-1.0,-1.25,-7.25,-5.5,-6.0,-2.75,-7.75,-5.0,-5.75
692,-4.5,-1.0,-1.25,-7.25,-5.5,-6.0,-2.75,-7.75,-5.0,-5.75
693,-4.5,-1.0,-1.25,-7.25,-5.5,-6.0,-2.75,-7.75,-5.0,-5.75
694,-4.5,-1.0,-1.25,-7.25,-5.5,-6.0,-2.75,-7.75,-5.0,-5.75
695,-4.5,-1.0,-1.25,-7.25,-5.5,-6.0,-2.75,-7.75,-5.0,-5.75
696,-4.5,-1.0,-1.25,-7.25,-5.5,-6.0,-2.75,-7.75,-5.0,-5.75
697,-4.5,-1.0,-1.25,-7.25,-5.5,-6.0,-2.75,-7.75,-5.0,-5.75
698,-4.5,-1.0,-1.25,-7.25,-5.5,-6.0,-2.75,-7.75,-5.0,-5.75
699,-4.5,-1.0,-1.25,-7.25,-5.5,-6.0,-2.75,-7.75,-5.0,-5.75
700,-4.5,-1.0,-1.25,-7.25,-5.5,-6.0,-2.75,-7.75,-5.0,-5.75
701,-4.5,-1.0,-1.25,-7.25,-5.5,-6.0,-2.75,-7.75,-5.0,-5.75
702,-4.5,-1.0,-1.25,-7.25,-5.5,-6.0,-2.75,-7.75,-5.0,-5.75
703,-4.5,-1.0,-1.25,-7.25,-5.5,-6.0,-2.75,-7.75,-5.0,-5.75
704,-4.5,-1.0,-1.25,-7.25,-5.5,-6.0,-2.75,-7.75,-5.0,-5.75
705,-4.5,-1.0,-1.25,-7.25,-5.5,-6.0,-2.75,-7.75,-5.0,-5.75
706,-4.5,-1.0,-1.25,-7.25,-5.5,-6.0,-2.75,-7.75,-5.0,-5.75
707,-4.5,-1.0,-1.25,-7.25,-5.5,-6.0,-2.75,-7.75,-5.0,-5.75
708,-4.5,-1.0,-1.25,-7.25,-5.5,-6.0,-2.75,-7.75,-5.0,-5.75
709,-4.5,-1.0,-1.25,-7.25,-5.5,-6.0,-2.75,-7.75,-5.0,-5.75
710,-4.5,-1.0,-1.25,-7.25,-5.5,-6.0,-2.75,-7.75,-5.0,-5.75
711,-4.5,-1.0,-1.25,-7.25,-5.5,-6.0,-2.75,-7.75,-5.0,-5.75
712,-4.5,-1.0,-1.25,-7.25,-5.5,-6.0,-2.75,-7.75,-5.0,-5.75
713,-4.5,-1.0,-1.25,-7.25,-5.5,-6.0,-2.75,-7.75,-5.0,-5.75
714,-4.5,-1.0,-1.25,-7.25,-5.5,-6.0,-2.75,-7.75,-5.0,-5.75
715,-4.5,-1.0,-1.25,-7.25,-5.5,-6.0,-2.75,-7.75,-5.0,-5.75
716,-4.5,-1.0,-1.25,-7.25,-5.5,-6.0,-2.75,-7.75,-5.0,-5.75
717,-4.5,-1.0,-1.25,-7.25,-5.5,-6.0,-2.75,-7.75,-5.0,-5.75
718,-4.5,-1.0,-1.25,-7.25,-5.5,-6.0,-2.75,-7.75,-5.0,-5.75
719,-4.5,-1.0,-1.25,-7.25,-5.5,-6.0,-2.75,-7.75,-5.0,-5.75
720,-4.5,-1.0,-1.25,-7.25,-5.5,-6.0,-2.75,-7.75,-5.0,-5.75
721,-4.5,-1.0,-1.25,-7.25,-5.5,-6.0,-2.75,-7.75,-5.0,-5.75
722,-4.5,-1.0,-1.25,-7.25,-5.5,-6.0,-2.75,-7.75,-5.0,-5.75
723,-4.5,-1.0,-1.25,-7.25,-5.5,-6.0,-2.75,-7.75,-5.0,-5.75
724,-4.5,-1.0,-1.25,-7.25,-5.5,-6.0,-2.75,-7.75,-5.0,-5.75
725,-4.5,-1.0,-1.25,-7.25,-5.5,-6.0,-2.75,-7.75,-5.0,-5.75
726,-4.5,-1.0,-1.25,-7.25,-5.5,-6.0,-2.75,-7.75,-5.0,-5.75
727,-4.5,-1.0,-1.25,-7.25,-5.5,-6.0,-2.75,-7.75,-5.0,-5.75
728,-4.5,-1.0,-1.25,-7.25,-5.5,-6.0,-2.75,-7.75,-5.0,-5.75
729,-4.5,-1.0,-1.25,-7.25,-5.5,-6.0,-2.75,-7.75,-5.0,-5.75
730,-4.5,-1.0,-1.25,-7.25,-5.5,-6.0,-2.75,-7.75,-5.0,-5.75
731,-4.5,-1.0,-1.25,-7.25,-5.5,-6.0,-2.75,-7.75,-5.0,-5.75
732,-4.5,-1.0,-1.25,-7.25,-5.5,-6.0,-2.75,-7.75,-5.0,-5.75
733,-4.5,-1.0,-1.25,-7.25,-5.5,-6.0,-2.75,-7.75,-5.0,-5.75
734,-4.5,-1.0,-1.25,-7.25,-5.5,-6.0,-2.75,-7.75,-5.0,-5.75
735,-4.5,-1.0,-1.25,-7.25,-5.5,-6.0,-2.75,-7.75,-5.0,-5.75
736,-4.5,-1.0,-1.25,-7.25,-5.5,-6.0,-2.75,-7.75,-5.0,-5.75
737,-4.5,-1.0,-1.25,-7.25,-5.5,-6.0,-2.75,-7.75,-5.0,-5.75
738,-4.5,-1.0,-1.25,-7.25,-5.5,-6.0,-2.75,-7.75,-5.0,-5.75
739,-4.5,-1.0,-1.25,-7.25,-5.5,-6.0,-2.75,-7.75,-5.0,-5.75
740,-4.5,-1.0,-1.25,-7.25,-5.5,-6.0,-2.75,-7.75,-5.0,-5.75
741,-4.5,-1.0,-1.25,-7.25,-5.5,-6.0,-2.75,-7.75,-5.0,-5.75
742,-4.5,-1.0,-1.25,-7.25,-5.5,-6.0,-2.75,-7.75,-5.0,-5.75
743,-4.5,-1.0,-1.25,-7.25,-5.5,-6.0,-2.75,-7.75,-5.0,-5.75
744,-4.5,-1.0,-1.25,-7.25,-5.5,-6.0,-2.75,-7.75,-5.0,-5.75
745,-4.5,-1.0,-1.25,-7.25,-5.5,-6.0,-2.75,-7.75,-5.0,-5.75
746,-4.5,-1.0,-1.25,-7.25,-5.5,-6.0,-2.75,-7.75,-5.0,-5.75
747,-4.5,-1.0,-1.25,-7.25,-5.5,-6.0,-2.75,-7.75,-5.0,-5.75
748,-4.5,-1.0,-1.25,-7.25,-5.5,-6.0,-2.75,-7.75,-5.0,-5.75
749,-4.5,-1.0,-1.25,-7.25,-5.5,-6.0,-2.75,-7.75,-5.0,-5.75
750,-4.5,-1.0,-1.25,-7.25,-5.5,-6.0,-2.75,-7.75,-5.0,-5.75
751,-4.5,-1.0,-1.25,-7.25,-5.5,-6.0,-2.75,-7.75,-5.0,-5.75
752,-4.5,-1.0,-1.25,-7.25,-5.5,-6.0,-2.75,-7.75,-5.0,-5.75
753,-4.5,-1.0,-1.25,-7.25,-5.5,-6.0,-2.75,-7.75,-5.0,-5.75
754,-4.5,-1.0,-1.25,-7.25,-5.5,-6.0,-2.75,-7.75,-5.0,-5.75
755,-4.5,-1.0,-1.25,-7.25,-5.5,-6.0,-2.75,-7.75,-5.0,-5.75
756,-4.5,-1.0,-1.25,-7.25,-5.5,-6.0,-2.75,-7.75,-5.0,-5.75
757,-4.5,-1.0,-1.25,-7.25,-5.5,-6.0,-2.75,-7.75,-5.0,-5.75
758,-4.5,-1.0,-1.25,-7.25,-5.5,-6.0,-2.75,-7.75,-5.0,-5.75
759,-4.5,-1.0,-1.25,-7.25,-5.5,-6.0,-2.75,-7.75,-5.0,-5.75
760,-4.5,-1.0,-1.25,-7.25,-5.5,-6.0,-2.75,-7.75,-5.0,-5.75
761,-4.5,-1.0,-1.25,-7.25,-5.5,-6.0,-2.75,-7.75,-5.0,-5.75
762,-4.5,-1.0,-1.25,-7.25,-5.5,-6.0,-2.75,-7.75,-5.0,-5.75
763,-4.5,-1.0,-1.25,-7.25,-5.5,-6.0,-2.75,-7.75,-5.0,-5.75
764,-4.5,-1.0,-1.25,-7.25,-5.5,-6.0,-2.75,-7.75,-5.0,-5.75
765,-4.5,-1.0,-1.25,-7.25,-5.5,-6.0,-2.75,-7.75,-5.0,-5.75
766,-4.5,-1.0,-1.25,-7.25,-5.5,-6.0,-2.75,-7.75,-5.0,-5.75
767,-4.5,-1.0,-1.25,-7.25,-5.5,-6.0,-2.75,-7.75,-5.0,-5.75
768,-4.5,-1.0,-1.25,-7.25,-5.5,-6.0,-2.75,-7.75,-5.0,-5.75
769,-4.5,-1.0,-1.25,-7.25,-5.5,-6.0,-2.75,-7.75,-5.0,-5.75
770,-4.5,-1.0,-1.25,-7.25,-5.5,-6.0,-2.75,-7.75,-5.0,-5.75
771,-4.5,-1.0,-1.25,-7.25,-5.5,-6.0,-2.75,-7.75,-5.0,-5.75
772,-4.5,-1.0,-1.25,-7.25,-5.5,-6.0,-2.75,-7.75,-5.0,-5.75
773,-4.5,-1.0,-1.25,-7.25,-5.5,-6.0,-2.75,-7.75,-5.0,-5.75
774,-4.5,-1.0,-1.25,-7.25,-5.5,-6.0,-2.75,-7.75,-5.0,-5.75
775,-4.5,-1.0,-1.25,-7.25,-5.5,-6.0,-2.75,-7.75,-5.0,-5.75
776,-4.5,-1.0,-1.25,-7.25,-5.5,-6.0,-2.75,-7.75,-5.0,-5.75
777,-4.5,-1.0,-1.25,-7.25,-5.5,-6.0,-2.75,-7.75,-5.0,-5.75
778,-4.5,-1.0,-1.25,-7.25,-5.5,-6.0,-2.75,-7.75,-5.0,-5.75
779,-4.5,-1.0,-1.25,-7.25,-5.5,-6.0,-2.75,-7.75,-5.0,-5.75
780,-4.5,-1.0,-1.25,-7.25,-5.5,-6.0,-2.75,-7.75,-5.0,-5.75
781,-4.5,-1.0,-1.25,-7.25,-5.5,-6.0,-2.75,-7.75,-5.0,-5.75
782,-4.5,-1.0,-1.25,-7.25,-5.5,-6.0,-2.75,-7.75,-5.0,-5.75
783,-4.5,-1.0,-1.25,-7.25,-5.5,-6.0,-2.75,-7.75,-5.0,-5.75
784,-4.5,-1.0,-1.25,-7.25,-5.5,-6.0,-2.75,-7.75,-5.0,-5.75
785,-4.5,-1.0,-1.25,-7.25,-5.5,-6.0,-2.75,-7.75,-5.0,-5.75
786,-4.5,-1.0,-1.25,-7.25,-5.5,-6.0,-2.75,-7.75,-5.0,-5.75
787,-4.5,-1.0,-1.25,-7.25,-5.5,-6.0,-2.75,-7.75,-5.0,-5.75
788,-4.5,-1.0,-1.25,-7.25,-5.5,-6.0,-2.75,-7.75,-5.0,-5.75
789,-4.5,-1.0,-1.25,-7.25,-5.5,-6.0,-2.75,-7.75,-5.0,-5.75
790,-4.5,-1.0,-1.25,-7.25,-5.5,-6.0,-2.75,-7.75,-5.0,-5.75
791,-4.5,-1.0,-1.25,-7.25,-5.5,-6.0,-2.75,-7.75,-5.0,-5.75
792,-4.5,-1.0,-1.25,-7.25,-5.5,-6.0,-2.75,-7.75,-5.0,-5.75
793,-4.5,-1.0,-1.25,-7.25,-5.5,-6.0,-2.75,-7.75,-5.0,-5.75
794,-4.5,-1.0,-1.25,-7.25,-5.5,-6.0,-2.75,-7.75,-5.0,-5.75
795,-4.5,-1.0,-1.25,-7.25,-5.5,-6.0,-2.75,-7.75,-5.0,-5.75
796,-4.5,-1.0,-1.25,-7.25,-5.5,-6.0,-2.75,-7.75,-5.0,-5.75
797,-4.5,-1.0,-1.25,-7.25,-5.5,-6.0,-2.75,-7.75,-5.0,-5.75
798,-4.5,-1.0,-1.25,-7.25,-5.5,-6.0,-2.75,-7.75,-5.0,-5.75
799,-4.5,-1.0,-1.25,-7.25,-5.5,-6.0,-2.75,-7.75,-5.0,-5.75
800,-4.5,-1.0,-1.25,-7.25,-5.5,-6.0,-2.75,-7.75,-5.0,-5.75
801,-4.5,-1.0,-1.25,-7.25,-5.5,-6.0,-2.75,-7.75,-5.0,-5.75
802,-4.5,-1.0,-1.25,-7.25,-5.5,-6.0,-2.75,-7.75,-5.0,-5.75
803,-4.5,-1.0,-1.25,-7.25,-5.5,-6.0,-2.75,-7.75,-5.0,-5.75
804,-4.5,-1.0,-1.25,-7.25,-5.5,-6.0,-2.75,-7.75,-5.0,-5.75
805,-4.5,-1.0,-1.25,-7.25,-5.5,-6.0,-2.75,-7.75,-5.0,-5.75
806,-4.5,-1.0,-1.25,-7.25,-5.5,-6.0,-2.75,-7.75,-5.0,-5.75
807,-4.5,-1.0,-1.25,-7.25,-5.5,-6.0,-2.75,-7.75,-5.0,-5.75
808,-4.5,-1.0,-1.25,-7.25,-5.5,-6.0,-2.75,-7.75,-5.0,-5.75
809,-4.5,-1.0,-1.25,-7.25,-5.5,-6.0,-2.75,-7.75,-5.0,-5.75
810,-4.5,-1.0,-1.25,-7.25,-5.5,-6.0,-2.75,-7.75,-5.0,-5.75
811,-4.5,-1.0,-1.25,-7.25,-5.5,-6.0,-2.75,-7.75,-5.0,-5.75
812,-4.5,-1.0,-1.25,-7.25,-5.5,-6.0,-2.75,-7.75,-5.0,-5.75
813,-4.5,-1.0,-1.25,-7.25,-5.5,-6.0,-2.75,-7.75,-5.0,-5.75
814,-4.5,-1.0,-1.25,-7.25,-5.5,-6.0,-2.75,-7.75,-5.0,-5.75
815,-4.5,-1.0,-1.25,-7.25,-5.5,-6.0,-2.75,-7.75,-5.0,-5.75
816,-4.5,-1.0,-1.25,-7.25,-5.5,-6.0,-2.75,-7.75,-5.0,-5.75
817,-4.5,-1.0,-1.25,-7.25,-5.5,-6.0,-2.75,-7.75,-5.0,-5.75
818,-4.5,-1.0,-1.25,-7.25,-5.5,-6.0,-2.75,-7.75,-5.0,-5.75
819,-4.5,-1.0,-1.25,-7.25,-5.5,-6.0,-2.75,-7.75,-5.0,-5.75
820,-4.5,-1.0,-1.25,-7.25,-5.5,-6.0,-2.75,-7.75,-5.0,-5.75
821,-4.5,-1.0,-1.25,-7.25,-5.5,-6.0,-2.75,-7.75,-5.0,-5.75
822,-4.5,-1.0,-1.25,-7.25,-5.5,-6.0,-2.75,-7.75,-5.0,-5.75
823,-4.5,-1.0,-1.25,-7.25,-5.5,-6.0,-2.75,-7.75,-5.0,-5.75
824,-4.5,-1.0,-1.25,-7.25,-5.5,-6.0,-2.75,-7.75,-5.0,-5.75
825,-4.5,-1.0,-1.25,-7.25,-5.5,-6.0,-2.75,-7.75,-5.0,-5.75
826,-4.5,-1.0,-1.25,-7.25,-5.5,-6.0,-2.75,-7.75,-5.0,-5.75
827,-4.5,-1.0,-1.25,-7.25,-5.5,-6.0,-2.75,-7.75,-5.0,-5.75
828,-4.5,-1.0,-1.25,-7.25,-5.5,-6.0,-2.75,-7.75,-5.0,-5.75
829,-4.5,-1.0,-1.25,-7.25,-5.5,-6.0,-2.75,-7.75,-5.0,-5.75
830,-4.5,-1.0,-1.25,-7.25,-5.5,-6.0,-2.75,-7.75,-5.0,-5.75
831,-4.5,-1.0,-1.25,-7.25,-5.5,-6.0,-2.75,-7.75,-5.0,-5.75
832,-4.5,-1.0,-1.25,-7.25,-5.5,-6.0,-2.75,-7.75,-5.0,-5.75
833,-4.5,-1.0,-1.25,-7.25,-5.5,-6.0,-2.75,-7.75,-5.0,-5.75
834,-4.5,-1.0,-1.25,-7.25,-5.5,-6.0,-2.75,-7.75,-5.0,-5.75
835,-4.5,-1.0,-1.25,-7.25,-5.5,-6.0,-2.75,-7.75,-5.0,-5.75
836,-4.5,-1.0,-1.25,-7.25,-5.5,-6.0,-2.75,-7.75,-5.0,-5.75
837,-4.5,-1.0,-1.25,-7.25,-5.5,-6.0,-2.75,-7.75,-5.0,-5.75
838,-4.5,-1.0,-1.25,-7.25,-5.5,-6.0,-2.75,-7.75,-5.0,-5.75
839,-4.5,-1.0,-1.25,-7.25,-5.5,-6.0,-2.75,-7.75,-5.0,-5.75
840,-4.5,-1.0,-1.25,-7.25,-5.5,-6.0,-2.75,-7.75,-5.0,-5.75
841,-4.5,-1.0,-1.25,-7.25,-5.5,-6.0,-2.75,-7.75,-5.0,-5.75
842,-4.5,-1.0,-1.25,-7.25,-5.5,-6.0,-2.75,-7.75,-5.0,-5.75
843,-4.5,-1.0,-1.25,-7.25,-5.5,-6.0,-2.75,-7.75,-5.0,-5.75
844,-4.5,-1.0,-1.25,-7.25,-5.5,-6.0,-2.75,-7.75,-5.0,-5.75
845,-4.5,-1.0,-1.25,-7.25,-5.5,-6.0,-2.75,-7.75,-5.0,-5.75
846,-4.5,-1.0,-1.25,-7.25,-5.5,-6.0,-2.75,-7.75,-5.0,-5.75
847,-4.5,-1.0,-1.25,-7.25,-5.5,-6.0,-2.75,-7.75,-5.0,-5.75
848,-4.5,-1.0,-1.25,-7.25,-5.5,-6.0,-2.75,-7.75,-5.0,-5.75
849,-4.5,-1.0,-1.25,-7.25,-5.5,-6.0,-2.75,-7.75,-5.0,-5.75
850,-4.5,-1.0,-1.25,-7.25,-5.5,-6.0,-2.75,-7.75,-5.0,-5.75
851,-4.5,-1.0,-1.25,-7.25,-5.5,-6.0,-2.75,-7.75,-5.0,-5.75
852,-4.5,-1.0,-1.25,-7.25,-5.5,-6.0,-2.75,-7.75,-5.0,-5.75
853,-4.5,-1.0,-1.25,-7.25,-5.5,-6.0,-2.75,-7.75,-5.0,-5.75
854,-4.5,-1.0,-1.25,-7.25,-5.5,-6.0,-2.75,-7.75,-5.0,-5.75
855,-4.5,-1.0,-1.25,-7.25,-5.5,-6.0,-2.75,-7.75,-5.0,-5.75
856,-4.5,-1.0,-1.25,-7.25,-5.5,-6.0,-2.75,-7.75,-5.0,-5.75
857,-4.5,-1.0,-1.25,-7.25,-5.5,-6.0,-2.75,-7.75,-5.0,-5.75
858,-4.5,-1.0,-1.25,-7.25,-5.5,-6.0,-2.75,-7.75,-5.0,-5.75
859,-4.5,-1.0,-1.25,-7.25,-5.5,-6.0,-2.75,-7.75,-5.0,-5.75
860,-4.5,-1.0,-1.25,-7.25,-5.5,-6.0,-2.75,-7.75,-5.0,-5.75
861,-4.5,-1.0,-1.25,-7.25,-5.5,-6.0,-2.75,-7.75,-5.0,-5.75
862,-4.5,-1.0,-1.25,-7.25,-5.5,-6.0,-2.75,-7.75,-5.0,-5.75
863,-4.5,-1.0,-1.25,-7.25,-5.5,-6.0,-2.75,-7.75,-5.0,-5.75
864,-4.5,-1.0,-1.25,-7.25,-5.5,-6.0,-2.75,-7.75,-5.0,-5.75
865,-4.5,-1.0,-1.25,-7.25,-5.5,-6.0,-2.75,-7.75,-5.0,-5.75
866,-4.5,-1.0,-1.25,-7.25,-5.5,-6.0,-2.75,-7.75,-5.0,-5.75
867,-4.5,-1.0,-1.25,-7.25,-5.5,-6.0,-2.75,-7.75,-5.0,-5.75
868,-4.5,-1.0,-1.25,-7.25,-5.5,-6.0,-2.75,-7.75,-5.0,-5.75
869,-4.5,-1.0,-1.25,-7.25,-5.5,-6.0,-2.75,-7.75,-5.0,-5.75
870,-4.5,-1.0,-1.25,-7.25,-5.5,-6.0,-2.75,-7.75,-5.0,-5.75
871,-4.5,-1.0,-1.25,-7.25,-5.5,-6.0,-2.75,-7.75,-5.0,-5.75
872,-4.5,-1.0,-1.25,-7.25,-5.5,-6.0,-2.75,-7.75,-5.0,-5.75
873,-4.5,-1.0,-1.25,-7.25,-5.5,-6.0,-2.75,-7.75,-5.0,-5.75
874,-4.5,-1.0,-1.25,-7.25,-5.5,-6.0,-2.75,-7.75,-5.0,-5.75
875,-4.5,-1.0,-1.25,-7.25,-5.5,-6.0,-2.75,-7.75,-5.0,-5.75
876,-4.5,-1.0,-1.25,-7.25,-5.5,-6.0,-2.75,-7.75,-5.0,-5.75
877,-4.5,-1.0,-1.25,-7.25,-5.5,-6.0,-2.75,-7.75,-5.0,-5.75
878,-4.5,-1.0,-1.25,-7.25,-5.5,-6.0,-2.75,-7.75,-5.0,-5.75
879,-4.5,-1.0,-1.25,-7.25,-5.5,-6.0,-2.75,-7.75,-5.0,-5.75
880,-4.5,-1.0,-1.25,-7.25,-5.5,-6.0,-2.75,-7.75,-5.0,-5.75
881,-4.5,-1.0,-1.25,-7.25,-5.5,-6.0,-2.75,-7.75,-5.0,-5.75
882,-4.5,-1.0,-1.25,-7.25,-5.5,-6.0,-2.75,-7.75,-5.0,-5.75
883,-4.5,-1.0,-1.25,-7.25,-5.5,-6.0,-2.75,-7.75,-5.0,-5.75
884,-4.5,-1.0,-1.25,-7.25,-5.5,-6.0,-2.75,-7.75,-5.0,-5.75
885,-4.5,-1.0,-1.25,-7.25,-5.5,-6.0,-2.75,-7.75,-5.0,-5.75
886,-4.5,-1.0,-1.25,-7.25,-5.5,-6.0,-2.75,-7.75,-5.0,-5.75
887,-4.5,-1.0,-1.25,-7.25,-5.5,-6.0,-2.75,-7.75,-5.0,-5.75
888,-4.5,-1.0,-1.25,-7.25,-5.5,-6.0,-2.75,-7.75,-5.0,-5.75
889,-4.5,-1.0,-1.25,-7.25,-5.5,-6.0,-2.75,-7.75,-5.0,-5.75
890,-4.5,-1.0,-1.25,-7.25,-5.5,-6.0,-2.75,-7.75,-5.0,-5.75
891,-4.5,-1.0,-1.25,-7.25,-5.5,-6.0,-2.75,-7.75,-5.0,-5.75
892,-4.5,-1.0,-1.25,-7.25,-5.5,-6.0,-2.75,-7.75,-5.0,-5.75
893,-4.5,-1.0,-1.25,-7.25,-5.5,-6.0,-2.75,-7.75,-5.0,-5.75
894,-4.5,-1.0,-1.25,-7.25,-5.5,-6.0,-2.75,-7.75,-5.0,-5.75
895,-4.5,-1.0,-1.25,-7.25,-5.5,-6.0,-2.75,-7.75,-5.0,-5.75
896,-4.5,-1.0,-1.25,-7.25,-5.5,-6.0,-2.75,-7.75,-5.0,-5.75
897,-4.5,-1.0,-1.25,-7.25,-5.5,-6.0,-2.75,-7.75,-5.0,-5.75
898,-4.5,-1.0,-1.25,-7.25,-5.5,-6.0,-2.75,-7.75,-5.0,-5.75
899,-4.5,-1.0,-1.25,-7.25,-5.5,-6.0,-2.75,-7.75,-5.0,-5.75
900,-4.5,-1.0,-1.25,-7.25,-5.5,-6.0,-2.75,-7.75,-5.0,-5.75
901,-4.5,-1.0,-1.25,-7.25,-5.5,-6.0,-2.75,-7.75,-5.0,-5.75
902,-4.5,-1.0,-1.25,-7.25,-5.5,-6.0,-2.75,-7.75,-5.0,-5.75
903,-4.5,-1.0,-1.25,-7.25,-5.5,-6.0,-2.75,-7.75,-5.0,-5.75
904,-4.5,-1.0,-1.25,-7.25,-5.5,-6.0,-2.75,-7.75,-5.0,-5.75
905,-4.5,-1.0,-1.25,-7.25,-5.5,-6.0,-2.75,-7.75,-5.0,-5.75
906,-4.5,-1.0,-1.25,-7.25,-5.5,-6.0,-2.75,-7.75,-5.0,-5.75
907,-4.5,-1.0,-1.25,-7.25,-5.5,-6.0,-2.75,-7.75,-5.0,-5.75
908,-4.5,-1.0,-1.25,-7.25,-5.5,-6.0,-2.75,-7.75,-5.0,-5.75
909,-4.5,-1.0,-1.25,-7.25,-5.5,-6.0,-2.75,-7.75,-5.0,-5.75
910,-4.5,-1.0,-1.25,-7.25,-5.5,-6.0,-2.75,-7.75,-5.0,-5.75
911,-4.5,-1.0,-1.25,-7.25,-5.5,-6.0,-2.75,-7.75,-5.0,-5.75
912,-4.5,-1.0,-1.25,-7.25,-5.5,-6.0,-2.75,-7.75,-5.0,-5.75
913,-4.5,-1.0,-1.25,-7.25,-5.5,-6.0,-2.75,-7.75,-5.0,-5.75
914,-4.5,-1.0,-1.25,-7.25,-5.5,-6.0,-2.75,-7.75,-5.0,-5.75
915,-4.5,-1.0,-1.25,-7.25,-5.5,-6.0,-2.75,-7.75,-5.0,-5.75
916,-4.5,-1.0,-1.25,-7.25,-5.5,-6.0,-2.75,-7.75,-5.0,-5.75
917,-4.5,-1.0,-1.25,-7.25,-5.5,-6.0,-2.75,-7.75,-5.0,-5.75
918,-4.5,-1.0,-1.25,-7.25,-5.5,-6.0,-2.75,-7.75,-5.0,-5.75
919,-4.5,-1.0,-1.25,-7.25,-5.5,-6.0,-2.75,-7.75,-5.0,-5.75
920,-4.5,-1.0,-1.25,-7.25,-5.5,-6.0,-2.75,-7.75,-5.0,-5.75
921,-4.5,-1.0,-1.25,-7.25,-5.5,-6.0,-2.75,-7.75,-5.0,-5.75
922,-4.5,-1.0,-1.25,-7.25,-5.5,-6.0,-2.75,-7.75,-5.0,-5.75
923,-4.5,-1.0,-1.25,-7.25,-5.5,-6.0,-2.75,-7.75,-5.0,-5.75
924,-4.5,-1.0,-1.25,-7.25,-5.5,-6.0,-2.75,-7.75,-5.0,-5.75
925,-4.5,-1.0,-1.25,-7.25,-5.5,-6.0,-2.75,-7.75,-5.0,-5.75
926,-4.5,-1.0,-1.25,-7.25,-5.5,-6.0,-2.75,-7.75,-5.0,-5.75
927,-4.5,-1.0,-1.25,-7.25,-5.5,-6.0,-2.75,-7.75,-5.0,-5.75
928,-4.5,-1.0,-1.25,-7.25,-5.5,-6.0,-2.75,-7.75,-5.0,-5.75
929,-4.5,-1.0,-1.25,-7.25,-5.5,-6.0,-2.75,-7.75,-5.0,-5.75
930,-4.5,-1.0,-1.25,-7.25,-5.5,-6.0,-2.75,-7.75,-5.0,-5.75
931,-4.5,-1.0,-1.25,-7.25,-5.5,-6.0,-2.75,-7.75,-5.0,-5.75
932,-4.5,-1.0,-1.25,-7.25,-5.5,-6.0,-2.75,-7.75,-5.0,-5.75
933,-4.5,-1.0,-1.25,-7.25,-5.5,-6.0,-2.75,-7.75,-5.0,-5.75
934,-4.5,-1.0,-1.25,-7.25,-5.5,-6.0,-2.75,-7.75,-5.0,-5.75
935,-4.5,-1.0,-1.25,-7.25,-5.5,-6.0,-2.75,-7.75,-5.0,-5.75
936,-4.5,-1.0,-1.25,-7.25,-5.5,-6.0,-2.75,-7.75,-5.0,-5.75
937,-4.5,-1.0,-1.25,-7.25,-5.5,-6.0,-2.75,-7.75,-5.0,-5.75
938,-4.5,-1.0,-1.25,-7.25,-5.5,-6.0,-2.75,-7.75,-5.0,-5.75
939,-4.5,-1.0,-1.25,-7.25,-5.5,-6.0,-2.75,-7.75,-5.0,-5.75
940,-4.5,-1.0,-1.25,-7.25,-5.5,-6.0,-2.75,-7.75,-5.0,-5.75
941,-4.5,-1.0,-1.25,-7.25,-5.5,-6.0,-2.75,-7.75,-5.0,-5.75
942,-4.5,-1.0,-1.25,-7.25,-5.5,-6.0,-2.75,-7.75,-5.0,-5.75
943,-4.5,-1.0,-1.25,-7.25,-5.5,-6.0,-2.75,-7.75,-5.0,-5.75
944,-4.5,-1.0,-1.25,-7.25,-5.5,-6.0,-2.75,-7.75,-5.0,-5.75
945,-4.5,-1.0,-1.25,-7.25,-5.5,-6.0,-2.75,-7.75,-5.0,-5.75
946,-4.5,-1.0,-1.25,-7.25,-5.5,-6.0,-2.75,-7.75,-5.0,-5.75
947,-4.5,-1.0,-1.25,-7.25,-5.5,-6.0,-2.75,-7.75,-5.0,-5.75
948,-4.5,-1.0,-1.25,-7.25,-5.5,-6.0,-2.75,-7.75,-5.0,-5.75
949,-4.5,-1.0,-1.25,-7.25,-5.5,-6.0,-2.75,-7.75,-5.0,-5.75
950,-4.5,-1.0,-1.25,-7.25,-5.5,-6.0,-2.75,-7.75,-5.0,-5.75
951,-4.5,-1.0,-1.25,-7.25,-5.5,-6.0,-2.75,-7.75,-5.0,-5.75
952,-4.5,-1.0,-1.25,-7.25,-5.5,-6.0,-2.75,-7.75,-5.0,-5.75
953,-4.5,-1.0,-1.25,-7.25,-5.5,-6.0,-2.75,-7.75,-5.0,-5.75
954,-4.5,-1.0,-1.25,-7.25,-5.5,-6.0,-2.75,-7.75,-5.0,-5.75
955,-4.5,-1.0,-1.25,-7.25,-5.5,-6.0,-2.75,-7.75,-5.0,-5.75
956,-4.5,-1.0,-1.25,-7.25,-5.5,-6.0,-2.75,-7.75,-5.0,-5.75
957,-4.5,-1.0,-1.25,-7.25,-5.5,-6.0,-2.75,-7.75,-5.0,-5.75
958,-4.5,-1.0,-1.25,-7.25,-5.5,-6.0,-2.75,-7.75,-5.0,-5.75
959,-4.5,-1.0,-1.25,-7.25,-5.5,-6.0,-2.75,-7.75,-5.0,-5.75
960,-4.5,-1.0,-1.25,-7.25,-5.5,-6.0,-2.75,-7.75,-5.0,-5.75
961,-4.5,-1.0,-1.25,-7.25,-5.5,-6.0,-2.75,-7.75,-5.0,-5.75
962,-4.5,-1.0,-1.25,-7.25,-5.5,-6.0,-2.75,-7.75,-5.0,-5.75
963,-4.5,-1.0,-1.25,-7.25,-5.5,-6.0,-2.75,-7.75,-5.0,-5.75
964,-4.5,-1.0,-1.25,-7.25,-5.5,-6.0,-2.75,-7.75,-5.0,-5.75
965,-4.5,-1.0,-1.25,-7.25,-5.5,-6.0,-2.75,-7.75,-5.0,-5.75
966,-4.5,-1.0,-1.25,-7.25,-5.5,-6.0,-2.75,-7.75,-5.0,-5.75
967,-4.5,-1.0,-1.25,-7.25,-5.5,-6.0,-2.75,-7.75,-5.0,-5.75
968,-4.5,-1.0,-1.25,-7.25,-5.5,-6.0,-2.75,-7.75,-5.0,-5.75
969,-4.5,-1.0,-1.25,-7.25,-5.5,-6.0,-2.75,-7.75,-5.0,-5.75
970,-4.5,-1.0,-1.25,-7.25,-5.5,-6.0,-2.75,-7.75,-5.0,-5.75
971,-4.5,-1.0,-1.25,-7.25,-5.5,-6.0,-2.75,-7.75,-5.0,-5.75
972,-4.5,-1.0,-1.25,-7.25,-5.5,-6.0,-2.75,-7.75,-5.0,-5.75
973,-4.5,-1.0,-1.25,-7.25,-5.5,-6.0,-2.75,-7.75,-5.0,-5.75
974,-4.5,-1.0,-1.25,-7.25,-5.5,-6.0,-2.75,-7.75,-5.0,-5.75
975,-4.5,-1.0,-1.25,-7.25,-5.5,-6.0,-2.75,-7.75,-5.0,-5.75
976,-4.5,-1.0,-1.25,-7.25,-5.5,-6.0,-2.75,-7.75,-5.0,-5.75
977,-4.5,-1.0,-1.25,-7.25,-5.5,-6.0,-2.75,-7.75,-5.0,-5.75
978,-4.5,-1.0,-1.25,-7.25,-5.5,-6.0,-2.75,-7.75,-5.0,-5.75
979,-4.5,-1.0,-1.25,-7.25,-5.5,-6.0,-2.75,-7.75,-5.0,-5.75
980,-4.5,-1.0,-1.25,-7.25,-5.5,-6.0,-2.75,-7.75,-5.0,-5.75
981,-4.5,-1.0,-1.25,-7.25,-5.5,-6.0,-2.75,-7.75,-5.0,-5.75
982,-4.5,-1.0,-1.25,-7.25,-5.5,-6.0,-2.75,-7.75,-5.0,-5.75
983,-4.5,-1.0,-1.25,-7.25,-5.5,-6.0,-2.75,-7.75,-5.0,-5.75
984,-4.5,-1.0,-1.25,-7.25,-5.5,-6.0,-2.75,-7.75,-5.0,-5.75
985,-4.5,-1.0,-1.25,-7.25,-5.5,-6.0,-2.75,-7.75,-5.0,-5.75
986,-4.5,-1.0,-1.25,-7.25,-5.5,-6.0,-2.75,-7.75,-5.0,-5.75
987,-4.5,-1.0,-1.25,-7.25,-5.5,-6.0,-2.75,-7.75,-5.0,-5.75
988,-4.5,-1.0,-1.25,-7.25,-5.5,-6.0,-2.75,-7.75,-5.0,-5.75
989,-4.5,-1.0,-1.25,-7.25,-5.5,-6.0,-2.75,-7.75,-5.0,-5.75
990,-4.5,-1.0,-1.25,-7.25,-5.5,-6.0,-2.75,-7.75,-5.0,-5.75
991,-4.5,-1.0,-1.25,-7.25,-5.5,-6.0,-2.75,-7.75,-5.0,-5.75
992,-4.5,-1.0,-1.25,-7.25,-5.5,-6.0,-2.75,-7.75,-5.0,-5.75
993,-4.5,-1.0,-1.25,-7.25,-5.5,-6.0,-2.75,-7.75,-5.0,-5.75
994,-4.5,-1.0,-1.25,-7.25,-5.5,-6.0,-2.75,-7.75,-5.0,-5.75
995,-4.5,-1.0,-1.25,-7.25,-5.5,-6.0,-2.75,-7.75,-5.0,-5.75
996,-4.5,-1.0,-1.25,-7.25,-5.5,-6.0,-2.75,-7.75,-5.0,-5.75
997,-4.5,-1.0,-1.25,-7.25,-5.5,-6.0,-2.75,-7.75,-5.0,-5.75
998,-4.5,-1.0,-1.25,-7.25,-5.5,-6.0,-2.75,-7.75,-5.0,-5.75
999,-4.5,-1.0,-1.25,-7.25,-5.5,-6.0,-2.75,-7.75,-5.0,-5.75
